{"margins": [0, 1, 10, 25, 50, 100, 150, 200, 250, 300], "accuracies": [0.6328635815400241, 0.6307608074652448, 0.6120421507014537, 0.5806195645273916, 0.5321843458388879, 0.44145559575953786, 0.3565035231384498, 0.2818669459785438, 0.21578429505491017, 0.159072875007935]}