{"margins": [0, 1, 10, 25, 50, 100, 150, 200, 250, 300], "accuracies": [0.5163381578112106, 0.5138941788865613, 0.49048593918618677, 0.45233447597283055, 0.3946232463657716, 0.29407890560528155, 0.21200723671681584, 0.14793213990985843, 0.09871929156351171, 0.0635355170443725]}