{"margins": [0, 1, 10, 25, 50, 100, 150, 200, 250, 300], "accuracies": [0.6091135635457459, 0.6069775720897116, 0.5886436454254182, 0.5604307582769669, 0.509878960484158, 0.41687433250267, 0.3311676753292987, 0.26183695265218937, 0.2006051975792097, 0.15005339978640087]}