{"margins": [0, 1, 10, 25, 50, 100, 150, 200, 250, 300], "accuracies": [0.5156398781184536, 0.5124738145115216, 0.48453469180473563, 0.44028915127277346, 0.3738891004887958, 0.265592268139402, 0.1808623754205548, 0.1167079286485114, 0.07243858312702342, 0.04241255633847521]}