{"margins": [0, 1, 10, 25, 50, 100, 150, 200, 250, 300], "accuracies": [0.5571002348758967, 0.5551323557417635, 0.5371278486637466, 0.5077921665714467, 0.4585872532216086, 0.3650574493747223, 0.2842157049450898, 0.21769662921348315, 0.16507966736494636, 0.12404780041896782]}