{"margins": [0, 1, 10, 25, 50, 100, 150, 200, 250, 300], "accuracies": [0.5884831460674157, 0.5842696629213483, 0.550561797752809, 0.49859550561797755, 0.42134831460674155, 0.24719101123595505, 0.13623595505617977, 0.07303370786516854, 0.032303370786516857, 0.012640449438202247]}