{"margins": [0, 1, 10, 25, 50, 100, 150, 200, 250, 300], "accuracies": [0.5436900907763601, 0.5409128419983495, 0.5154653081952644, 0.4747429061131213, 0.41031866945978546, 0.30092680759220464, 0.21403066082650923, 0.145630990922364, 0.09518821811718403, 0.059988573605027615]}