{"margins": [0, 1, 10, 25, 50, 100, 150, 200, 250, 300], "accuracies": [0.5175204722909922, 0.5152113883069891, 0.49362819780359296, 0.45927759791785694, 0.4043991620643687, 0.30928235891576206, 0.22851996445121564, 0.16370691296895828, 0.1131847901986923, 0.07566019170951564]}