{"margins": [0, 1, 10, 25, 50, 100, 150, 200, 250, 300], "accuracies": [0.5289230622738526, 0.5267964832095474, 0.5074271567320511, 0.4759331555894115, 0.4256173427283692, 0.3368326667936266, 0.26003777058338096, 0.1989144924776233, 0.14778930997270362, 0.10788421253094649]}