{"margins": [0, 1, 10, 25, 50, 100, 150, 200, 250, 300], "accuracies": [0.5408334920332635, 0.5392147527455088, 0.5226306100425315, 0.49515171713324446, 0.4504062718212404, 0.37066749190630355, 0.30006982796927567, 0.24013679933980828, 0.1874722275122199, 0.14390909667999746]}