{"margins": [0, 1, 10, 25, 50, 100, 150, 200, 250, 300], "accuracies": [0.9745707806932297, 0.9745707806932297, 0.9737609329446064, 0.9718172983479106, 0.9676060900550697, 0.9590217039196631, 0.9499514091350826, 0.9397473275024295, 0.9298671849692258, 0.9172335600907029]}