{"margins": [0, 1, 10, 25, 50, 100, 150, 200, 250, 300], "accuracies": [0.6713562496032501, 0.6707135148860535, 0.665206627309084, 0.6557243064813052, 0.6410842379229353, 0.6120818256839967, 0.5866739668634546, 0.5664159207769949, 0.5497206881228972, 0.5369374087475401]}