{"margins": [0, 1, 10, 25, 50, 100, 150, 200, 250, 300], "accuracies": [0.6529013883944464, 0.651566393734425, 0.6395514417942328, 0.6216625133499466, 0.5906906372374511, 0.5277678889284443, 0.4609291562833749, 0.39889640441438234, 0.3390886436454254, 0.28657885368458524]}