{"margins": [0, 1, 10, 25, 50, 100, 150, 200, 250, 300], "accuracies": [0.803310786756853, 0.8024207903168388, 0.7922748309006764, 0.7769668921324314, 0.7531149875400498, 0.6897472410110359, 0.6257564969740121, 0.5582947668209327, 0.48834104663581346, 0.4176753292986828]}