{"margins": [0, 1, 10, 25, 50, 100, 150, 200, 250, 300], "accuracies": [0.694874532835024, 0.6930948567360741, 0.6797472859939491, 0.6542089339740167, 0.6121195942338494, 0.5307883965118348, 0.45604200035593523, 0.3852998754226731, 0.3222993415198434, 0.2646378359138637]}