{"margins": [0, 1, 10, 25, 50, 100, 150, 200, 250, 300], "accuracies": [0.8061797752808989, 0.8033707865168539, 0.7949438202247191, 0.7837078651685393, 0.75, 0.7064606741573034, 0.6699438202247191, 0.6109550561797753, 0.5758426966292135, 0.5098314606741573]}