{"margins": [0, 1, 10, 25, 50, 100, 150, 200, 250, 300], "accuracies": [0.5694867644258237, 0.5665428807211325, 0.5400955373579636, 0.49879388053069257, 0.4342664889227449, 0.31990731924077953, 0.22418745635751922, 0.14805909985399607, 0.09371230876658414, 0.05701294991430204]}