{"margins": [0, 1, 10, 25, 50, 100, 150, 200, 250, 300], "accuracies": [0.8194518597615233, 0.8180281188823634, 0.8110873820964585, 0.7972059085246486, 0.7748709734828261, 0.7284214273002314, 0.6776116746752091, 0.6226196832176544, 0.5667378537106247, 0.506228866346325]}