{"margins": [0, 1, 10, 25, 50, 100, 150, 200, 250, 300], "accuracies": [0.5622579826064876, 0.5605678283501555, 0.54442804545166, 0.5177585221862503, 0.47490160604329335, 0.3966308004824478, 0.32769155081571766, 0.2646876785374214, 0.20896813305402145, 0.1631673332063734]}