{"margins": [0, 1, 10, 25, 50, 100, 150, 200, 250, 300], "accuracies": [0.8156817372730509, 0.815058739765041, 0.8064257742969028, 0.7904948380206479, 0.7659309362762549, 0.7115521537913848, 0.6521003915984336, 0.5932716269134923, 0.5315948736205055, 0.4702741189035244]}