{"margins": [0, 1, 10, 25, 50, 100, 150, 200, 250, 300], "accuracies": [0.7038981844072624, 0.702563189747241, 0.6870772516909932, 0.6611783552865789, 0.6164115343538625, 0.5380918476326094, 0.4676931292274831, 0.3942684229263083, 0.32253470986116056, 0.2622819508721965]}