{"margins": [0, 1, 10, 25, 50, 100, 150, 200, 250, 300], "accuracies": [0.5502602678854821, 0.5484590236780296, 0.5304069066209611, 0.5011426394972386, 0.4554211896146766, 0.3703421570494509, 0.29662603948454264, 0.2329397575065067, 0.17900558623754206, 0.13415698597092618]}