{"margins": [0, 1, 10, 25, 50, 100, 150, 200, 250, 300], "accuracies": [0.9466292134831461, 0.9466292134831461, 0.9452247191011236, 0.9410112359550562, 0.9367977528089888, 0.9129213483146067, 0.8876404494382022, 0.8553370786516854, 0.8314606741573034, 0.8033707865168539]}