{"margins": [0, 1, 10, 25, 50, 100, 150, 200, 250, 300], "accuracies": [0.6025280898876404, 0.601123595505618, 0.5800561797752809, 0.5435393258426966, 0.48314606741573035, 0.3202247191011236, 0.20646067415730338, 0.13342696629213482, 0.07162921348314606, 0.032303370786516857]}