{"margins": [0, 1, 10, 25, 50, 100, 150, 200, 250, 300], "accuracies": [0.8598963394881762, 0.858600583090379, 0.8516358924522189, 0.8365727243278264, 0.8168124392614189, 0.7717849044379657, 0.7277291869128604, 0.6780045351473923, 0.6316812439261419, 0.5877874959507613]}