{"margins": [0, 1, 10, 25, 50, 100, 150, 200, 250, 300], "accuracies": [0.7822566292934686, 0.7818117102687311, 0.7738031678234562, 0.7589428723972237, 0.7313578928634988, 0.6768998042356291, 0.6227976508275493, 0.5671827727353622, 0.5048051254671649, 0.44865634454529274]}