{"margins": [0, 1, 10, 25, 50, 100, 150, 200, 250, 300], "accuracies": [0.6678370786516854, 0.6660814606741573, 0.651685393258427, 0.6225421348314607, 0.5737359550561798, 0.4666432584269663, 0.37394662921348315, 0.29740168539325845, 0.23595505617977527, 0.18504213483146068]}