{"margins": [0, 1, 10, 25, 50, 100, 150, 200, 250, 300], "accuracies": [0.9719101123595506, 0.9719101123595506, 0.9676966292134831, 0.9620786516853933, 0.9592696629213483, 0.9382022471910112, 0.9143258426966292, 0.8890449438202247, 0.8595505617977528, 0.8174157303370787]}