{"margins": [0, 1, 10, 25, 50, 100, 150, 200, 250, 300], "accuracies": [0.5286929473751032, 0.5257252586808862, 0.4996587951501301, 0.4565796991049324, 0.38602964514695615, 0.26527486827905794, 0.17349869866057258, 0.10866977718529804, 0.06731257538246684, 0.039286167714086204]}