{"margins": [0, 1, 10, 25, 50, 100, 150, 200, 250, 300], "accuracies": [0.6844634276561665, 0.6821498487275316, 0.6642641039330842, 0.6366791243993594, 0.5888948211425521, 0.5015127246841075, 0.4224061220857804, 0.3481936287595658, 0.2833244349528386, 0.22601886456664888]}