{"margins": [0, 1, 10, 25, 50, 100, 150, 200, 250, 300], "accuracies": [0.5278597727417, 0.5253761188345077, 0.5032374785755094, 0.46873611375610996, 0.41650796673649465, 0.32402558242874374, 0.24442963245096172, 0.17995778581857425, 0.12999904780041896, 0.09010982035167904]}