{"margins": [0, 1, 10, 25, 50, 100, 150, 200, 250, 300], "accuracies": [0.5818574239827334, 0.5812702342410969, 0.5765330413254618, 0.5689789246492731, 0.5558465054275377, 0.530327556655875, 0.5051260077445566, 0.4832809623563766, 0.4623325715736685, 0.44247127531263886]}