{"margins": [0, 1, 10, 25, 50, 100, 150, 200, 250, 300], "accuracies": [0.6843398876404494, 0.6825842696629213, 0.668188202247191, 0.6386938202247191, 0.6004213483146067, 0.5024578651685393, 0.4160814606741573, 0.34058988764044945, 0.2735252808988764, 0.21945224719101122]}