{"margins": [0, 1, 10, 25, 50, 100, 150, 200, 250, 300], "accuracies": [0.5688440297086269, 0.5671856154383292, 0.5523392369707357, 0.5266298482828667, 0.4845188218117184, 0.4029470577032946, 0.326667936266108, 0.2585301212467466, 0.19941439725766522, 0.14912238938614866]}