{"margins": [0, 1, 10, 25, 50, 100, 150, 200, 250, 300], "accuracies": [0.6261124955500178, 0.6227305090779637, 0.600124599501602, 0.5630117479530082, 0.5017799928800285, 0.3931114275542898, 0.30170879316482735, 0.21965112139551443, 0.15067639729441082, 0.09976860092559629]}