{"margins": [0, 1, 10, 25, 50, 100, 150, 200, 250, 300], "accuracies": [0.9276685393258427, 0.9273174157303371, 0.9220505617977528, 0.9150280898876404, 0.9020365168539326, 0.8764044943820225, 0.8465589887640449, 0.8146067415730337, 0.7770365168539326, 0.735252808988764]}