{"margins": [0, 1, 10, 25, 50, 100, 150, 200, 250, 300], "accuracies": [0.7520021356113188, 0.7510233137568962, 0.7416800142374088, 0.7229934151984339, 0.6962982737141841, 0.6397045737675743, 0.5840007118704396, 0.5288307528029899, 0.47472859939491013, 0.4207154297917779]}