{"margins": [0, 1, 10, 25, 50, 100, 150, 200, 250, 300], "accuracies": [0.9073033707865169, 0.9058988764044944, 0.9002808988764045, 0.8946629213483146, 0.8820224719101124, 0.8356741573033708, 0.7907303370786517, 0.7457865168539326, 0.7036516853932584, 0.6657303370786517]}