{"margins": [0, 1, 10, 25, 50, 100, 150, 200, 250, 300], "accuracies": [0.6598149136857092, 0.6578572699768642, 0.6392596547428369, 0.611318739989322, 0.5662039508809397, 0.4748175831998576, 0.39597793201637305, 0.32283324434952837, 0.2561843744438512, 0.198789820252714]}