{"margins": [0, 1, 10, 25, 50, 100, 150, 200, 250, 300], "accuracies": [0.6451584193663226, 0.644001423994304, 0.6346564613741545, 0.6178355286578854, 0.5915806336774653, 0.5450338198647205, 0.4915450338198647, 0.44001423994304023, 0.3906194375222499, 0.3464756140975436]}