{"margins": [0, 1, 10, 25, 50, 100, 150, 200, 250, 300], "accuracies": [0.9583738257207645, 0.9582118561710399, 0.9575639779721412, 0.9551344347262715, 0.9504373177842566, 0.94185293164885, 0.9297052154195011, 0.9151279559442824, 0.9000647878198899, 0.8825720764496274]}