{"margins": [0, 1, 10, 25, 50, 100, 150, 200, 250, 300], "accuracies": [0.6713828083288842, 0.6698700836447766, 0.6518063712404343, 0.6235985050720769, 0.5792845702082221, 0.4935041822388325, 0.4155543691048229, 0.3443673251468233, 0.2772735362164086, 0.21640861363231892]}