{"margins": [0, 1, 10, 25, 50, 100, 150, 200, 250, 300], "accuracies": [0.6104551513997334, 0.609526756808227, 0.6013378404113502, 0.5865311369262998, 0.5630514822573478, 0.5227258300006348, 0.49150955373579636, 0.4687281787596013, 0.45362788040373264, 0.44304259506125815]}