{"margins": [0, 1, 10, 25, 50, 100, 150, 200, 250, 300], "accuracies": [0.8300561797752809, 0.8300561797752809, 0.8216292134831461, 0.8047752808988764, 0.7682584269662921, 0.6938202247191011, 0.6404494382022472, 0.5547752808988764, 0.4887640449438202, 0.4241573033707865]}