{"margins": [0, 1, 10, 25, 50, 100, 150, 200, 250, 300], "accuracies": [0.9548064918851435, 0.9548064918851435, 0.9538077403245943, 0.9485642946317103, 0.9435705368289637, 0.9300873907615481, 0.9183520599250936, 0.9063670411985019, 0.8866416978776529, 0.8631710362047441]}