{"margins": [0, 1, 10, 25, 50, 100, 150, 200, 250, 300], "accuracies": [0.5754915730337079, 0.5730337078651685, 0.5498595505617978, 0.5112359550561798, 0.4476825842696629, 0.3226825842696629, 0.2247191011235955, 0.15660112359550563, 0.10603932584269662, 0.07268258426966293]}