{"margins": [0, 1, 10, 25, 50, 100, 150, 200, 250, 300], "accuracies": [0.718939124243503, 0.7175151299394802, 0.7015841936632253, 0.6749733001067996, 0.6290494838020648, 0.5459238163047347, 0.4682271270914916, 0.3907084371662513, 0.3212887148451406, 0.25213599145603416]}