{"margins": [0, 1, 10, 25, 50, 100, 150, 200, 250, 300], "accuracies": [0.82555879494655, 0.8245869776482021, 0.8172983479105929, 0.8007774538386784, 0.7748623258827341, 0.7094266277939747, 0.6494978943958536, 0.5900550696469063, 0.5333657272432782, 0.481859410430839]}