{"margins": [0, 1, 10, 25, 50, 100, 150, 200, 250, 300], "accuracies": [0.6641153435386259, 0.6624243503025988, 0.6445354218583126, 0.618814524741901, 0.5764506941972232, 0.49706301174795303, 0.42337130651477395, 0.35760056959772163, 0.2959238163047348, 0.2373620505517978]}