{"margins": [0, 1, 10, 25, 50, 100, 150, 200, 250, 300], "accuracies": [0.6783707865168539, 0.675561797752809, 0.6573033707865169, 0.6193820224719101, 0.577247191011236, 0.48735955056179775, 0.3862359550561798, 0.29634831460674155, 0.23735955056179775, 0.19101123595505617]}