{"margins": [0, 1, 10, 25, 50, 100, 150, 200, 250, 300], "accuracies": [0.8224773091297384, 0.8216764548852109, 0.8150916533190959, 0.801210179747286, 0.7784303256807261, 0.7342053746218188, 0.6855312333155366, 0.6357003025449368, 0.5852464851397046, 0.5322121373909948]}