{"margins": [0, 1, 10, 25, 50, 100, 150, 200, 250, 300], "accuracies": [0.7945888216447134, 0.7936098255606978, 0.7840868636525454, 0.7678889284442862, 0.7404770380918476, 0.6783552865788537, 0.6124955500178, 0.5396938412246352, 0.46876112495550015, 0.40192239231043075]}