{"margins": [0, 1, 10, 25, 50, 100, 150, 200, 250, 300], "accuracies": [0.7907615480649188, 0.7890137328339576, 0.7757802746566792, 0.7570536828963795, 0.7253433208489388, 0.650936329588015, 0.5757802746566791, 0.5021223470661673, 0.4377028714107366, 0.3775280898876405]}