{"margins": [0, 1, 10, 25, 50, 100, 150, 200, 250, 300], "accuracies": [0.6042737891195328, 0.6035993144163017, 0.5989573414587698, 0.5902923252713769, 0.5760886815209801, 0.5491334983812607, 0.5250983939567067, 0.5031184536278804, 0.48281279756236906, 0.46404653081952646]}