{"margins": [0, 1, 10, 25, 50, 100, 150, 200, 250, 300], "accuracies": [0.5867612518250492, 0.5856662223068622, 0.5746683171459405, 0.5555846505427537, 0.5241779343617089, 0.46215800165047927, 0.40493080683044497, 0.3537818193359995, 0.3083142893417127, 0.2696867263378404]}