{"margins": [0, 1, 10, 25, 50, 100, 150, 200, 250, 300], "accuracies": [0.8117977528089888, 0.8110955056179775, 0.8058286516853933, 0.7942415730337079, 0.7696629213483146, 0.71875, 0.6720505617977528, 0.6211376404494382, 0.5737359550561798, 0.5249297752808989]}