{"margins": [0, 1, 10, 25, 50, 100, 150, 200, 250, 300], "accuracies": [0.6704929702794091, 0.6679124399359316, 0.6471792133831643, 0.6166577682861719, 0.5638013881473571, 0.4755294536394376, 0.39019398469478556, 0.3142907990745684, 0.23554013169603133, 0.17431927389215163]}