{"margins": [0, 1, 10, 25, 50, 100, 150, 200, 250, 300], "accuracies": [0.9375780274656679, 0.9375780274656679, 0.9348314606741573, 0.9310861423220974, 0.9228464419475655, 0.9071161048689138, 0.887390761548065, 0.8651685393258427, 0.8379525593008739, 0.8119850187265918]}