{"margins": [0, 1, 10, 25, 50, 100, 150, 200, 250, 300], "accuracies": [0.5035231384498191, 0.5005713197486193, 0.4732193867834698, 0.42930711610486894, 0.3620024757189107, 0.2514124293785311, 0.16773789119532787, 0.10710658287310354, 0.065098711356567, 0.03862756300387228]}