{"margins": [0, 1, 10, 25, 50, 100, 150, 200, 250, 300], "accuracies": [0.867665418227216, 0.8674157303370786, 0.8636704119850187, 0.8511860174781523, 0.8347066167290886, 0.7987515605493134, 0.7598002496878902, 0.7168539325842697, 0.6754057428214731, 0.6329588014981273]}