{"margins": [0, 1, 10, 25, 50, 100, 150, 200, 250, 300], "accuracies": [0.5011108995112042, 0.49712753126388626, 0.46507808036564463, 0.4146035675744303, 0.3396892655367232, 0.21617310988383165, 0.1291579381705072, 0.0738827524915889, 0.03940519266171523, 0.020234241096933916]}