{"margins": [0, 1, 10, 25, 50, 100, 150, 200, 250, 300], "accuracies": [0.827874688501246, 0.827251690993236, 0.819686721253115, 0.8080277678889285, 0.7857778568885725, 0.7378960484158064, 0.686810252758989, 0.6371484514061944, 0.5771626913492346, 0.5177999288002848]}