{"margins": [0, 1, 10, 25, 50, 100, 150, 200, 250, 300], "accuracies": [0.5766758712626167, 0.5738906874880975, 0.5496810131403542, 0.5096092807719165, 0.4466371484796547, 0.3351901225163461, 0.24270773820859518, 0.16972957531898686, 0.11401796483209548, 0.07296229289659112]}