{"margins": [0, 1, 10, 25, 50, 100, 150, 200, 250, 300], "accuracies": [0.7362050551797793, 0.7354040583837664, 0.7216091135635457, 0.7035421858312567, 0.6675863296546813, 0.5957636169455323, 0.5306158775364899, 0.467248131007476, 0.4070843716625133, 0.34852260590957634]}