{"margins": [0, 1, 10, 25, 50, 100, 150, 200, 250, 300], "accuracies": [0.8163623595505618, 0.8153089887640449, 0.8072331460674157, 0.7949438202247191, 0.7756320224719101, 0.7363061797752809, 0.6899578651685393, 0.6499297752808989, 0.598314606741573, 0.5516151685393258]}