{"margins": [0, 1, 10, 25, 50, 100, 150, 200, 250, 300], "accuracies": [0.5680505300577667, 0.5660905859201422, 0.5502840728750079, 0.5243921792674411, 0.4805671935504348, 0.39598013076874244, 0.3182806449565162, 0.25230908398400304, 0.1978194629594363, 0.1534866374658795]}