{"margins": [0, 1, 10, 25, 50, 100, 150, 200, 250, 300], "accuracies": [0.6232645069419722, 0.6205945176219295, 0.596564613741545, 0.5606087575649698, 0.5007119971520114, 0.40005339978640087, 0.3034887860448558, 0.2217871128515486, 0.1584193663225347, 0.10688857244571022]}