{"margins": [0, 1, 10, 25, 50, 100, 150, 200, 250, 300], "accuracies": [0.6017974728599395, 0.599572877736252, 0.5734116390816871, 0.5310553479266773, 0.4638725751913152, 0.3397401672895533, 0.2423918846769888, 0.1640861363231892, 0.10304324612920449, 0.06193272824345969]}