{"margins": [0, 1, 10, 25, 50, 100, 150, 200, 250, 300], "accuracies": [0.6432742969593094, 0.6428616771408621, 0.6398067034850504, 0.6347203707230369, 0.6264600393575827, 0.6092807719164604, 0.5934187138957658, 0.5782231955817939, 0.5647178315241541, 0.5528074017647432]}