{"margins": [0, 1, 10, 25, 50, 100, 150, 200, 250, 300], "accuracies": [0.608827193450792, 0.6067805659369995, 0.5804413596725396, 0.5386189713472148, 0.4760633564691226, 0.3610072966720057, 0.26481580352375866, 0.1823278163374266, 0.11211959423384944, 0.06655988610072967]}