{"margins": [0, 1, 10, 25, 50, 100, 150, 200, 250, 300], "accuracies": [0.6213955144179423, 0.6196155215379139, 0.5983446066215735, 0.5620327518689925, 0.5088999644001424, 0.4079743681025276, 0.3160377358490566, 0.23940904236383054, 0.17016731933072268, 0.11365254538981844]}