{"margins": [0, 1, 10, 25, 50, 100, 150, 200, 250, 300], "accuracies": [0.737006051975792, 0.7354040583837664, 0.7209861160555358, 0.6997152011391955, 0.6642043431826272, 0.5954966180135279, 0.5284798860804557, 0.46493414026343893, 0.3967604129583482, 0.3356176575293699]}