{"margins": [0, 1, 10, 25, 50, 100, 150, 200, 250, 300], "accuracies": [0.8261938202247191, 0.824438202247191, 0.8160112359550562, 0.8044241573033708, 0.7830056179775281, 0.7240168539325843, 0.6653792134831461, 0.6035814606741573, 0.5382724719101124, 0.476123595505618]}