{"margins": [0, 1, 10, 25, 50, 100, 150, 200, 250, 300], "accuracies": [0.8905085843861354, 0.8898607061872368, 0.8864593456430191, 0.8806284418529317, 0.866051182377713, 0.8417557499190153, 0.8096857790735342, 0.7782636864269518, 0.7419825072886297, 0.7005183025591188]}