{"margins": [0, 1, 10, 25, 50, 100, 150, 200, 250, 300], "accuracies": [0.8377808988764045, 0.8370786516853933, 0.8311095505617978, 0.8149578651685393, 0.7917837078651685, 0.7433286516853933, 0.6843398876404494, 0.617626404494382, 0.5498595505617978, 0.4799859550561798]}