{"margins": [0, 1, 10, 25, 50, 100, 150, 200, 250, 300], "accuracies": [0.7184552411461114, 0.7169425164620039, 0.700747463961559, 0.6773447232603667, 0.6383698166933618, 0.5674497241502047, 0.49759743726641753, 0.43139348638547786, 0.37239722370528566, 0.3178501512724684]}