{"margins": [0, 1, 10, 25, 50, 100, 150, 200, 250, 300], "accuracies": [0.9631320224719101, 0.9631320224719101, 0.961376404494382, 0.9589185393258427, 0.9536516853932584, 0.9431179775280899, 0.9269662921348315, 0.9083567415730337, 0.8844803370786517, 0.8581460674157303]}