{"margins": [0, 1, 10, 25, 50, 100, 150, 200, 250, 300], "accuracies": [0.6449546182594768, 0.6420181526962093, 0.6216408613632319, 0.5902295782167646, 0.5420893397401673, 0.4578216764548852, 0.3694607581420182, 0.28990923651895356, 0.2197899982203239, 0.16488699056771666]}