{"margins": [0, 1, 10, 25, 50, 100, 150, 200, 250, 300], "accuracies": [0.6225421348314607, 0.6169241573033708, 0.5881320224719101, 0.538623595505618, 0.4606741573033708, 0.3205758426966292, 0.2089185393258427, 0.13974719101123595, 0.09269662921348315, 0.06741573033707865]}