{"margins": [0, 1, 10, 25, 50, 100, 150, 200, 250, 300], "accuracies": [0.9339887640449438, 0.9339887640449438, 0.9311797752808989, 0.925561797752809, 0.9143258426966292, 0.8764044943820225, 0.8497191011235955, 0.8117977528089888, 0.7668539325842697, 0.7331460674157303]}