{"margins": [0, 1, 10, 25, 50, 100, 150, 200, 250, 300], "accuracies": [0.5170999174760363, 0.5139973338411731, 0.4858995112042151, 0.4401066463530756, 0.3687234177616962, 0.2525868088618041, 0.16472259252205929, 0.10155208531708246, 0.05915539897162445, 0.032208150828413634]}