{"margins": [0, 1, 10, 25, 50, 100, 150, 200, 250, 300], "accuracies": [0.5815091653319095, 0.5780387969389571, 0.5499199145755472, 0.504449190247375, 0.43637657946253783, 0.31669336180815094, 0.2213027229044314, 0.14584445630895176, 0.09298807617013703, 0.05810642463071721]}