{"margins": [0, 1, 10, 25, 50, 100, 150, 200, 250, 300], "accuracies": [0.6893575369282791, 0.6874888770243816, 0.6704039864744616, 0.6397935575725218, 0.5903185620217121, 0.5052500444919025, 0.41857981847303793, 0.3423206976330308, 0.2760277629471436, 0.21525182416800143]}