{"margins": [0, 1, 10, 25, 50, 100, 150, 200, 250, 300], "accuracies": [0.9585357952704892, 0.9583738257207645, 0.9572400388726919, 0.95578231292517, 0.9523809523809523, 0.9452542921930677, 0.9358600583090378, 0.9256559766763849, 0.9139941690962099, 0.9015225137674118]}