{"margins": [0, 1, 10, 25, 50, 100, 150, 200, 250, 300], "accuracies": [0.5092522059290294, 0.5053005776677458, 0.47202120231067096, 0.41908684060179013, 0.340966799974608, 0.2173871643496477, 0.13167333206373388, 0.07479527709007808, 0.0402780422776614, 0.021178505681457502]}