{"margins": [0, 1, 10, 25, 50, 100, 150, 200, 250, 300], "accuracies": [0.7115521537913848, 0.7097721609113563, 0.6944642221431114, 0.6664293342826628, 0.6233535065859737, 0.5399608401566394, 0.45007119971520115, 0.37014951940192237, 0.2977928088287647, 0.23024207903168387]}