{"margins": [0, 1, 10, 25, 50, 100, 150, 200, 250, 300], "accuracies": [0.5226464800355488, 0.5217577604265854, 0.5130610042531581, 0.4985320256459087, 0.4747825810956643, 0.42798990668444103, 0.38114168729765757, 0.3382768361581921, 0.29741160413889417, 0.260315495461182]}