{"margins": [0, 1, 10, 25, 50, 100, 150, 200, 250, 300], "accuracies": [0.5487446835523392, 0.547356059163334, 0.535247254491208, 0.5151082333523773, 0.48320161239129056, 0.42329238875134895, 0.36800133307941346, 0.3177093252078969, 0.27136894559766395, 0.22863898939884467]}