{"margins": [0, 1, 10, 25, 50, 100, 150, 200, 250, 300], "accuracies": [0.6324509617215769, 0.6302212277026598, 0.609447406843141, 0.5773106709833048, 0.524614359169682, 0.4271408620580207, 0.33823716117564906, 0.2608947502063099, 0.19394718466323874, 0.1379261093125119]}