{"margins": [0, 1, 10, 25, 50, 100, 150, 200, 250, 300], "accuracies": [0.9622971285892634, 0.9622971285892634, 0.9612983770287141, 0.9590511860174782, 0.9558052434456928, 0.9420724094881399, 0.9298377028714108, 0.9128589263420724, 0.89812734082397, 0.8808988764044944]}