{"margins": [0, 1, 10, 25, 50, 100, 150, 200, 250, 300], "accuracies": [0.866916354556804, 0.8664169787765293, 0.8601747815230961, 0.8519350811485643, 0.8354556803995006, 0.797003745318352, 0.7545568039950062, 0.7053682896379525, 0.6596754057428215, 0.6127340823970038]}