{"margins": [0, 1, 10, 25, 50, 100, 150, 200, 250, 300], "accuracies": [0.6376404494382022, 0.6348314606741573, 0.6137640449438202, 0.5898876404494382, 0.5294943820224719, 0.40730337078651685, 0.3146067415730337, 0.23595505617977527, 0.15589887640449437, 0.10955056179775281]}