{"margins": [0, 1, 10, 25, 50, 100, 150, 200, 250, 300], "accuracies": [0.9283707865168539, 0.9280196629213483, 0.9231039325842697, 0.918188202247191, 0.9069522471910112, 0.8862359550561798, 0.8655196629213483, 0.8349719101123596, 0.8019662921348315, 0.7703651685393258]}