{"margins": [0, 1, 10, 25, 50, 100, 150, 200, 250, 300], "accuracies": [0.7865168539325843, 0.7865168539325843, 0.7808988764044944, 0.7710674157303371, 0.7485955056179775, 0.6980337078651685, 0.6460674157303371, 0.5800561797752809, 0.5337078651685393, 0.4803370786516854]}