{"margins": [0, 1, 10, 25, 50, 100, 150, 200, 250, 300], "accuracies": [0.6171916711158569, 0.6148780921872219, 0.5977042178323545, 0.5630895177077772, 0.50783057483538, 0.41279587115145044, 0.3242569852286884, 0.24906567004805125, 0.18651005516995905, 0.13525538352019933]}