{"margins": [0, 1, 10, 25, 50, 100, 150, 200, 250, 300], "accuracies": [0.5334301402907383, 0.530787786453374, 0.508125436424808, 0.47132292261791403, 0.41198501872659177, 0.3094727988319685, 0.2236320066019171, 0.15428807211324827, 0.1027899447724243, 0.06580492604583255]}