{"margins": [0, 1, 10, 25, 50, 100, 150, 200, 250, 300], "accuracies": [0.5890782708055609, 0.5867612518250492, 0.5661858058782454, 0.5334301402907383, 0.48103535834444233, 0.3852520154891132, 0.3009347425887133, 0.22970227893099726, 0.17006284517234813, 0.12181013140354219]}