{"margins": [0, 1, 10, 25, 50, 100, 150, 200, 250, 300], "accuracies": [0.7214311142755429, 0.7198291206835172, 0.7065681737273051, 0.6848522605909576, 0.6488964044143823, 0.5847276610893556, 0.5129049483802065, 0.44642221431114276, 0.37967248131007475, 0.319686721253115]}