{"margins": [0, 1, 10, 25, 50, 100, 150, 200, 250, 300], "accuracies": [0.7081701673193307, 0.706746173015308, 0.6913492346030616, 0.6688323246707013, 0.6261124955500178, 0.5476148095407618, 0.47187611249555, 0.39782840868636526, 0.3293876824492702, 0.2726059095763617]}