{"margins": [0, 1, 10, 25, 50, 100, 150, 200, 250, 300], "accuracies": [0.5181076620326287, 0.5152351932965149, 0.48651050593537737, 0.44088427601091856, 0.36902494762902305, 0.24906367041198502, 0.1580413254618168, 0.09587856281343236, 0.054378531073446326, 0.029716561924712753]}