{"margins": [0, 1, 10, 25, 50, 100, 150, 200, 250, 300], "accuracies": [0.4992065003491398, 0.49654034152224974, 0.4746635561480353, 0.43840062210372627, 0.38345870627816925, 0.286183584079223, 0.20788897352885163, 0.14685298038468864, 0.10082206563829112, 0.06682060559893353]}