{"margins": [0, 1, 10, 25, 50, 100, 150, 200, 250, 300], "accuracies": [0.5886815209801308, 0.5879356313083223, 0.5806036945343744, 0.5681933599949216, 0.5481654288072113, 0.5096886307370024, 0.47791690471656195, 0.45377864533739604, 0.43578207325588775, 0.42287183393639305]}