{"margins": [0, 1, 10, 25, 50, 100, 150, 200, 250, 300], "accuracies": [0.9648876404494382, 0.9645365168539326, 0.9631320224719101, 0.9592696629213483, 0.9533005617977528, 0.9406601123595506, 0.9259129213483146, 0.9080056179775281, 0.882373595505618, 0.8490168539325843]}