{"margins": [0, 1, 10, 25, 50, 100, 150, 200, 250, 300], "accuracies": [0.8132022471910112, 0.8117977528089888, 0.800561797752809, 0.7808988764044944, 0.7528089887640449, 0.7050561797752809, 0.6348314606741573, 0.5533707865168539, 0.47331460674157305, 0.39747191011235955]}