{"train_batch_loss": [17.125526428222656, 14.748085021972656, 15.458060264587402, 14.957822799682617, 12.351875305175781, 13.108819961547852, 12.525146484375, 11.830446243286133, 12.687705993652344, 12.114559173583984, 10.936885833740234, 9.629159927368164, 9.944583892822266, 9.081433296203613, 8.812145233154297, 9.700098991394043, 8.859541893005371, 8.537796020507812, 7.682461261749268, 8.054826736450195, 7.775880813598633, 6.597073078155518, 6.923574447631836, 5.9846577644348145, 6.2889933586120605, 5.974538803100586, 6.376074314117432, 6.14695930480957, 5.89129114151001, 5.635935306549072, 5.9126386642456055, 6.215043067932129, 5.253339767456055, 6.390113353729248, 5.47905158996582, 5.706352233886719, 4.655457496643066, 5.764303207397461, 5.237459182739258, 4.663742542266846, 4.745888710021973, 4.036622047424316, 4.739251613616943, 4.9208149909973145, 4.963521480560303, 4.886783599853516, 4.998137474060059, 4.415283679962158, 4.137369632720947, 4.541749000549316, 4.15969705581665, 4.369851589202881, 4.09976863861084, 4.4529218673706055, 4.2159013748168945, 3.810375213623047, 4.294336318969727, 3.891392707824707, 4.015442371368408, 3.8495848178863525, 3.622694730758667, 3.7196221351623535, 3.6986684799194336, 3.61500883102417, 3.4603161811828613, 3.8066649436950684, 3.6739420890808105, 3.751457691192627, 3.495851993560791, 3.4827170372009277, 3.3582324981689453, 2.9181783199310303, 3.1775851249694824, 3.2288129329681396, 3.420109748840332, 3.265401840209961, 3.695678472518921, 3.0070900917053223, 3.2834508419036865, 2.9663209915161133, 3.416593074798584, 3.2044074535369873, 3.085599422454834, 2.6827468872070312, 3.1092355251312256, 3.0788626670837402, 3.0541248321533203, 2.9590964317321777, 3.210617780685425, 3.029242515563965, 2.657238721847534, 2.9487335681915283, 2.7431604862213135, 2.8447937965393066, 3.066344738006592, 2.6608335971832275, 2.7116153240203857, 2.950183629989624, 2.674684524536133, 2.689589262008667, 2.89799427986145, 3.0555453300476074, 2.5408036708831787, 2.3880393505096436, 2.8390209674835205, 2.697971820831299, 2.674003839492798, 2.550097942352295, 2.598722219467163, 2.653498411178589, 2.72886323928833, 2.2268073558807373, 2.7608890533447266, 2.487795114517212, 2.354541540145874, 2.5695154666900635, 2.5968756675720215, 2.556673526763916, 2.418280839920044, 2.6713013648986816], "train_loss": [11.674829363822937, 8.718774735927582, 6.522673010826111, 5.665272951126099, 5.041319489479065, 4.367616385221481, 4.008643448352814, 3.639817923307419, 3.3511089086532593, 3.1307500898838043, 2.9605608880519867, 2.7925674617290497, 2.6564424335956573, 2.5727703273296356, 2.4804801046848297], "val_loss": [12.529749870300293, 9.158245086669922, 6.765499114990234, 5.734476566314697, 5.062209129333496, 4.6217451095581055, 4.292746067047119, 3.808176279067993, 3.5127639770507812, 3.325598955154419, 3.1830708980560303, 3.028252363204956, 2.9485504627227783, 2.8774473667144775, 2.8169949054718018], "train_acc": [0.24869927159209157, 0.2445369406867846, 0.24245577523413112, 0.24037460978147762, 0.2497398543184183, 0.2575442247658689, 0.2559833506763788, 0.2627471383975026, 0.26378772112382937, 0.27107180020811655, 0.2767950052029136, 0.27991675338189387, 0.2898022892819979, 0.2887617065556712, 0.2892819979188345], "val_acc": [0.22429906542056074, 0.24299065420560748, 0.20093457943925233, 0.2102803738317757, 0.22897196261682243, 0.2523364485981308, 0.2523364485981308, 0.2570093457943925, 0.24299065420560748, 0.24766355140186916, 0.24766355140186916, 0.24766355140186916, 0.2336448598130841, 0.24766355140186916, 0.21962616822429906]}