{"train_batch_loss": [3.1381874084472656, 3.0366382598876953, 2.826828718185425, 2.4025039672851562, 2.8577961921691895, 2.283393144607544, 2.3853232860565186, 2.096832036972046, 2.177903413772583, 2.209294557571411, 2.165266275405884, 2.071504592895508, 1.9963338375091553, 2.104950428009033, 1.9194228649139404, 1.8060287237167358, 1.8776873350143433, 1.9487428665161133, 1.8767765760421753, 1.7448444366455078, 1.9397708177566528, 1.789804458618164, 1.7172144651412964, 1.6875200271606445, 1.6601639986038208, 1.7277880907058716, 1.650918960571289, 1.605891466140747, 1.6599076986312866, 1.5590355396270752, 1.6972389221191406, 1.6179763078689575, 1.650874137878418, 1.6088931560516357, 1.6182506084442139, 1.5584144592285156, 1.600325107574463, 1.458275556564331, 1.5231248140335083, 1.4559047222137451, 1.6193783283233643, 1.5228028297424316, 1.4774531126022339, 1.4728244543075562, 1.5092493295669556, 1.5002223253250122, 1.4342737197875977, 1.477709412574768, 1.5007460117340088, 1.4469424486160278, 1.396990180015564, 1.4614644050598145, 1.4438973665237427, 1.5150279998779297, 1.4756860733032227, 1.4253041744232178, 1.4989573955535889, 1.4649275541305542, 1.398639440536499, 1.3965654373168945, 1.428609013557434, 1.447040319442749, 1.3555320501327515, 1.45602548122406, 1.370436429977417, 1.4256854057312012, 1.3728574514389038, 1.399782657623291, 1.4085355997085571, 1.410935401916504, 1.426220178604126, 1.4292229413986206, 1.3347983360290527, 1.4080772399902344, 1.396498203277588, 1.3513895273208618, 1.4567852020263672, 1.420311450958252, 1.32206392288208, 1.3936913013458252, 1.3169503211975098, 1.376876711845398, 1.351169466972351, 1.330878734588623, 1.3892792463302612, 1.4098631143569946, 1.379392147064209, 1.4080009460449219, 1.3662874698638916, 1.4090826511383057, 1.3193975687026978, 1.3361544609069824, 1.3338598012924194, 1.3423792123794556, 1.3857455253601074, 1.3461570739746094, 1.3184900283813477, 1.331235408782959, 1.332251787185669, 1.3836746215820312, 1.26358962059021, 1.4090328216552734, 1.381392478942871, 1.2870625257492065, 1.315869688987732, 1.3473989963531494, 1.3478562831878662, 1.3144943714141846, 1.3034716844558716, 1.3138877153396606, 1.3682959079742432, 1.3424694538116455, 1.3886847496032715, 1.302466869354248, 1.313091516494751, 1.3459242582321167, 1.3214377164840698, 1.253480076789856, 1.309062123298645, 1.3335286378860474], "train_loss": [2.1955938041210175, 1.9136067479848862, 1.7037111073732376, 1.5868924707174301, 1.523049682378769, 1.4742160737514496, 1.437891811132431, 1.4031773805618286, 1.3875977098941803, 1.3703063875436783, 1.354758843779564, 1.346174642443657, 1.3311941474676132, 1.3214490413665771, 1.3140155524015427], "val_loss": [2.1540920734405518, 1.892248511314392, 1.7032984495162964, 1.5723611116409302, 1.5121620893478394, 1.4808489084243774, 1.4683619737625122, 1.4545159339904785, 1.4495447874069214, 1.446731686592102, 1.4415361881256104, 1.432392954826355, 1.4224480390548706, 1.4192302227020264, 1.418170690536499], "train_acc": [0.2565036420395421, 0.27471383975026015, 0.28251821019771073, 0.2918834547346514, 0.31113423517169614, 0.3173777315296566, 0.3267429760665973, 0.33662851196670135, 0.3376690946930281, 0.34495317377731527, 0.3485952133194589, 0.35796045785639957, 0.36992715920915714, 0.36628511966701355, 0.3740894901144641], "val_acc": [0.22429906542056074, 0.3037383177570093, 0.32710280373831774, 0.2850467289719626, 0.2850467289719626, 0.29906542056074764, 0.2897196261682243, 0.2616822429906542, 0.2570093457943925, 0.2523364485981308, 0.2616822429906542, 0.27102803738317754, 0.29439252336448596, 0.2897196261682243, 0.308411214953271]}