{"train_batch_loss": [3.3035049438476562, 2.9660022258758545, 2.30594801902771, 2.2458205223083496, 1.886039137840271, 1.6814730167388916, 1.4773468971252441, 1.2780135869979858, 1.047633171081543, 1.0177431106567383, 0.9575384855270386, 0.9590099453926086, 0.9563984274864197, 1.069283127784729, 1.0176587104797363, 1.0815386772155762, 1.0560699701309204, 1.0656837224960327, 0.9453905820846558, 1.0687990188598633, 0.9481969475746155, 1.0509072542190552, 0.9015421867370605, 0.9132266640663147, 0.9505431652069092, 0.8969796895980835, 0.8395199179649353, 0.9122978448867798, 0.8865960836410522, 0.8324634432792664, 0.805338978767395, 0.9081080555915833, 0.8381727337837219, 0.8429323434829712, 0.8387376070022583, 0.9419974088668823, 0.8470633029937744, 0.8988128304481506, 0.8614758253097534, 0.8326245546340942, 0.7858126759529114, 0.8549069166183472, 0.9038422703742981, 0.833162248134613, 0.8348994255065918, 0.8214071989059448, 0.8119734525680542, 0.882218599319458, 0.8871800303459167, 0.8207677602767944, 0.7844759225845337, 0.8423250913619995, 0.7949405312538147, 0.8532366156578064, 0.7872553467750549, 0.8928889632225037, 0.7691481113433838, 0.8522319793701172, 0.7862398624420166, 0.8771399259567261, 0.8064830303192139, 0.8006314039230347, 0.8509448766708374, 0.8550203442573547, 0.8619574308395386, 0.8103966116905212, 0.803676187992096, 0.7459284663200378, 0.8015260696411133, 0.8568358421325684, 0.8319329023361206, 0.7968686819076538, 0.8420245051383972, 0.8059355020523071, 0.8087508678436279, 0.8322878479957581, 0.7883574366569519, 0.8232746720314026, 0.7895509004592896, 0.7782518863677979, 0.7895219922065735, 0.7851427793502808, 0.7865328192710876, 0.826866626739502, 0.8242110013961792, 0.8286586999893188, 0.8240097761154175, 0.7777163982391357, 0.8190130591392517, 0.7987775802612305, 0.8003432154655457, 0.7721840739250183, 0.776954710483551, 0.8520539402961731, 0.8090763688087463, 0.8023490905761719, 0.7978266477584839, 0.7900686264038086, 0.8316006660461426, 0.754188060760498, 0.8025882840156555, 0.8221479654312134, 0.7840867042541504, 0.8508410453796387, 0.834816038608551, 0.7801188826560974, 0.8297661542892456, 0.7879830002784729, 0.8137373924255371, 0.7740816473960876, 0.7571309208869934, 0.8256280422210693, 0.8048766255378723, 0.7706512808799744, 0.7536157369613647, 0.8036692142486572, 0.7708699703216553, 0.8495588302612305, 0.8047324419021606, 0.8316435217857361], "train_loss": [1.1029998809099197, 1.0193310901522636, 0.9230767711997032, 0.8740179017186165, 0.8352092877030373, 0.8332301005721092, 0.8217871561646461, 0.821814090013504, 0.8171224892139435, 0.8055360689759254, 0.7999394237995148, 0.7986582517623901, 0.8044110760092735, 0.7878963798284531, 0.7917532026767731], "val_loss": [1.254201054573059, 1.175558090209961, 1.088364839553833, 1.0482761859893799, 1.019809603691101, 1.0181610584259033, 1.006474256515503, 1.0041366815567017, 1.0006319284439087, 0.9987584948539734, 0.9968170523643494, 0.9940266013145447, 0.9932782649993896, 0.99173903465271, 0.9904491305351257], "train_acc": [0.41103017689906346, 0.5041623309053069, 0.49895941727367327, 0.5889698231009365, 0.6201873048907388, 0.6030176899063475, 0.6227887617065556, 0.6259105098855359, 0.6253902185223725, 0.6279916753381893, 0.6248699271592092, 0.6264308012486993, 0.6279916753381893, 0.6305931321540063, 0.6269510926118627], "val_acc": [0.3037383177570093, 0.4672897196261682, 0.4766355140186916, 0.4953271028037383, 0.5280373831775701, 0.4953271028037383, 0.5186915887850467, 0.5233644859813084, 0.5186915887850467, 0.5327102803738317, 0.5373831775700935, 0.5514018691588785, 0.5514018691588785, 0.5514018691588785, 0.5467289719626168]}