{"train_batch_loss": [10.273584365844727, 11.335383415222168, 9.542506217956543, 8.947431564331055, 8.805933952331543, 7.618467330932617, 6.7856059074401855, 7.621584892272949, 6.900850772857666, 5.96173095703125, 6.510406017303467, 5.475139141082764, 5.614280700683594, 5.209811210632324, 5.313500881195068, 4.560663223266602, 5.1896138191223145, 4.500712871551514, 4.669948101043701, 4.046381950378418, 4.4582061767578125, 3.8731472492218018, 3.9447832107543945, 3.9624831676483154, 3.5386173725128174, 3.9945194721221924, 4.100820541381836, 3.4285967350006104, 3.679030418395996, 3.222730875015259, 3.453138589859009, 3.5067806243896484, 3.2346994876861572, 3.0309898853302, 3.004542589187622, 3.4490437507629395, 3.066209316253662, 2.901719093322754, 3.1843721866607666, 3.0042941570281982, 2.754584550857544, 2.9129369258880615, 2.7943921089172363, 3.0878138542175293, 2.9167468547821045, 2.7250096797943115, 2.7990915775299072, 2.291659116744995, 2.551480293273926, 2.5921661853790283, 2.7230889797210693, 2.6253552436828613, 2.5941033363342285, 2.4344425201416016, 2.6088509559631348, 2.6881158351898193, 2.4868063926696777, 2.2637150287628174, 2.203686475753784, 2.570491313934326, 2.5190062522888184, 2.547368049621582, 2.6450886726379395, 2.217660903930664, 2.3628618717193604, 2.308475971221924, 2.38680362701416, 2.2919819355010986, 2.2562754154205322, 2.3351423740386963, 2.3378868103027344, 2.2020668983459473, 1.9717942476272583, 2.0620675086975098, 2.072795867919922, 2.284186601638794, 2.4943501949310303, 2.463399648666382, 2.205347776412964, 2.0666048526763916, 2.076085329055786, 2.188964605331421, 2.187800168991089, 2.054393768310547, 2.112339735031128, 2.087406635284424, 2.2908101081848145, 1.8504835367202759, 2.0419821739196777, 2.1023056507110596, 2.006230592727661, 2.019193649291992, 2.1034443378448486, 1.8928920030593872, 2.11519455909729, 2.097172975540161, 2.036546468734741, 1.980574131011963, 1.9457664489746094, 1.885486125946045, 1.8995364904403687, 2.1532206535339355, 1.915580153465271, 1.994859218597412, 1.9974260330200195, 1.7914968729019165, 1.8640141487121582, 1.8413771390914917, 1.8571689128875732, 1.950594186782837, 2.1085309982299805, 1.7950094938278198, 1.9622395038604736, 1.8393361568450928, 1.9458024501800537, 1.8403279781341553, 1.6786277294158936, 1.7917307615280151, 1.8608067035675049, 1.973795771598816], "train_loss": [6.600042104721069, 4.739940345287323, 3.921176314353943, 3.231133908033371, 2.966162830591202, 2.6697848737239838, 2.4854342341423035, 2.360556036233902, 2.241428107023239, 2.1470903158187866, 2.0850529223680496, 1.9953851997852325, 1.9211311340332031, 1.8813706189393997, 1.810089573264122], "val_loss": [6.303713798522949, 4.538453578948975, 3.9750313758850098, 3.5408177375793457, 3.2690351009368896, 3.0175180435180664, 2.8850901126861572, 2.7860991954803467, 2.6916935443878174, 2.6192781925201416, 2.5507938861846924, 2.4701972007751465, 2.4098012447357178, 2.3602209091186523, 2.3242135047912598], "train_acc": [0.24921956295525494, 0.2523413111342352, 0.24765868886576484, 0.2372528616024974, 0.2601456815816857, 0.26690946930280957, 0.27471383975026015, 0.281477627471384, 0.2778355879292404, 0.2861602497398543, 0.2845993756503642, 0.29448491155046824, 0.3022892819979188, 0.3017689906347555, 0.3059313215400624], "val_acc": [0.26635514018691586, 0.2803738317757009, 0.2383177570093458, 0.24766355140186916, 0.22429906542056074, 0.2336448598130841, 0.24299065420560748, 0.2336448598130841, 0.2336448598130841, 0.2383177570093458, 0.2336448598130841, 0.2383177570093458, 0.22429906542056074, 0.2336448598130841, 0.2383177570093458]}