{"train_batch_loss": [4.7736921310424805, 4.775387763977051, 3.8809149265289307, 3.9201810359954834, 3.5784051418304443, 3.2050325870513916, 3.4608278274536133, 2.957810401916504, 2.9236137866973877, 2.548863649368286, 2.366936445236206, 2.299772262573242, 2.237410545349121, 2.051189661026001, 1.97987699508667, 2.046844005584717, 2.018979072570801, 2.1144795417785645, 2.11077880859375, 1.975160002708435, 1.7851859331130981, 1.9297126531600952, 1.9161087274551392, 1.9352675676345825, 1.889559268951416, 1.9644032716751099, 1.9346115589141846, 1.778271198272705, 1.6567168235778809, 1.7075656652450562, 1.6577820777893066, 1.7602885961532593, 1.7276993989944458, 1.6602065563201904, 1.6627639532089233, 1.7297210693359375, 1.5667861700057983, 1.634170651435852, 1.6000810861587524, 1.629906177520752, 1.5920963287353516, 1.5906745195388794, 1.5398346185684204, 1.5202311277389526, 1.606788992881775, 1.5941882133483887, 1.6364953517913818, 1.5553538799285889, 1.5376569032669067, 1.5578603744506836, 1.5794645547866821, 1.5737329721450806, 1.5485875606536865, 1.4378844499588013, 1.4738966226577759, 1.5136038064956665, 1.462544560432434, 1.46720552444458, 1.4551899433135986, 1.4827146530151367, 1.4928847551345825, 1.5253379344940186, 1.5115845203399658, 1.486047387123108, 1.4171862602233887, 1.4904032945632935, 1.4591861963272095, 1.412571907043457, 1.459275245666504, 1.4804755449295044, 1.468483328819275, 1.4477263689041138, 1.472482681274414, 1.4553455114364624, 1.4510242938995361, 1.4007450342178345, 1.4059218168258667, 1.4443999528884888, 1.4020931720733643, 1.4527397155761719, 1.3540146350860596, 1.3967843055725098, 1.41855788230896, 1.435455083847046, 1.4778145551681519, 1.38614821434021, 1.4542475938796997, 1.4063016176223755, 1.3740127086639404, 1.4389746189117432, 1.4228017330169678, 1.446245789527893, 1.417719841003418, 1.4018536806106567, 1.3573135137557983, 1.374177098274231, 1.3935489654541016, 1.3722456693649292, 1.3773832321166992, 1.450000524520874, 1.401515007019043, 1.3994348049163818, 1.3823976516723633, 1.4092384576797485, 1.4267187118530273, 1.3813809156417847, 1.3634989261627197, 1.3683547973632812, 1.3879129886627197, 1.4309946298599243, 1.3734052181243896, 1.3695061206817627, 1.3623433113098145, 1.362114429473877, 1.4342434406280518, 1.3561360836029053, 1.3901920318603516, 1.3804963827133179, 1.3634955883026123, 1.3618707656860352], "train_loss": [2.6834619343280792, 2.0202763080596924, 1.8678021878004074, 1.6831551492214203, 1.5988079905509949, 1.5364120453596115, 1.4940166473388672, 1.4634603559970856, 1.4418612867593765, 1.420680433511734, 1.409682720899582, 1.3933364748954773, 1.3850340992212296, 1.376183494925499, 1.369878500699997], "val_loss": [2.8826615810394287, 2.0748984813690186, 1.8960167169570923, 1.7075597047805786, 1.632810115814209, 1.5825932025909424, 1.537002682685852, 1.5146681070327759, 1.499459981918335, 1.4805340766906738, 1.475330114364624, 1.4647152423858643, 1.4594982862472534, 1.4543559551239014, 1.4521244764328003], "train_acc": [0.2518210197710718, 0.2726326742976067, 0.27055150884495316, 0.277315296566077, 0.2762747138397503, 0.2851196670135276, 0.29292403746097817, 0.29656607700312176, 0.29864724245577523, 0.3028095733610822, 0.30697190426638915, 0.3106139438085328, 0.3215400624349636, 0.3158168574401665, 0.32934443288241416], "val_acc": [0.21962616822429906, 0.24766355140186916, 0.22897196261682243, 0.22429906542056074, 0.2570093457943925, 0.2383177570093458, 0.24299065420560748, 0.2523364485981308, 0.24299065420560748, 0.27102803738317754, 0.29906542056074764, 0.2803738317757009, 0.2803738317757009, 0.2850467289719626, 0.2850467289719626]}