{"train_batch_loss": [9.406119346618652, 9.105895042419434, 8.777725219726562, 8.125141143798828, 7.429033279418945, 7.401826858520508, 7.408144474029541, 7.460505962371826, 6.441385269165039, 5.556161880493164, 5.7135114669799805, 5.747498512268066, 5.937008380889893, 5.495452880859375, 5.434986591339111, 4.5224151611328125, 4.743273735046387, 4.404524803161621, 4.571093559265137, 4.731114387512207, 4.907259941101074, 4.189682483673096, 3.902170419692993, 4.373505115509033, 4.446967124938965, 4.103908061981201, 3.921041488647461, 3.6403024196624756, 3.750791549682617, 3.5214059352874756, 3.919555425643921, 4.237757205963135, 3.5527825355529785, 3.41940975189209, 3.639108180999756, 3.4601938724517822, 3.857113838195801, 3.303900718688965, 3.05965256690979, 3.0046632289886475, 3.3779869079589844, 3.159555435180664, 3.3535091876983643, 3.0701792240142822, 2.751081705093384, 2.6125550270080566, 3.07254695892334, 3.0211169719696045, 2.765502691268921, 3.0286755561828613, 2.918297529220581, 2.804273843765259, 2.443657636642456, 2.4579014778137207, 2.889920234680176, 2.5219039916992188, 2.4883902072906494, 2.5004935264587402, 2.768000364303589, 2.4371724128723145, 2.5733299255371094, 2.470144271850586, 2.596174955368042, 2.429053783416748, 2.5012879371643066, 2.368852138519287, 2.2644853591918945, 2.1656861305236816, 2.6644678115844727, 2.2949938774108887, 2.3504180908203125, 2.5927271842956543, 2.3238601684570312, 2.223686456680298, 2.317976474761963, 2.0666656494140625, 2.1683602333068848, 2.390491485595703, 2.335402727127075, 2.179234743118286, 2.26765513420105, 2.269533395767212, 2.1826047897338867, 2.1539134979248047, 2.160198926925659, 2.0360751152038574, 2.0506646633148193, 2.2296884059906006, 1.9975438117980957, 2.200510025024414, 2.1794285774230957, 2.087956666946411, 2.0425291061401367, 2.1603167057037354, 2.0673270225524902, 1.8888742923736572, 2.0082242488861084, 2.1818602085113525, 2.276947021484375, 2.079073190689087, 1.898671269416809, 1.9684251546859741, 1.8861932754516602, 1.7899569272994995, 2.03670072555542, 2.077112913131714, 1.799917221069336, 1.977041244506836, 1.9713294506072998, 1.988824725151062, 2.005469799041748, 1.819515347480774, 1.7952364683151245, 1.9049546718597412, 1.91256582736969, 1.8486460447311401, 1.989044427871704, 1.9148509502410889, 1.9917231798171997, 2.0423221588134766], "train_loss": [6.487634479999542, 4.833297848701477, 4.133243799209595, 3.6606821715831757, 3.1615294218063354, 2.8619187772274017, 2.594276010990143, 2.418865889310837, 2.3109698593616486, 2.2072150707244873, 2.0924439281225204, 2.0401491075754166, 1.9790185540914536, 1.9190728813409805, 1.8902539014816284], "val_loss": [6.8535075187683105, 5.265380859375, 4.518373012542725, 3.9202535152435303, 3.4267172813415527, 3.0827791690826416, 2.7959582805633545, 2.599606990814209, 2.434859275817871, 2.3175554275512695, 2.23079514503479, 2.167926788330078, 2.132880926132202, 2.0968050956726074, 2.0659496784210205], "train_acc": [0.26742976066597296, 0.26534859521331944, 0.2570239334027055, 0.2565036420395421, 0.26534859521331944, 0.27835587929240374, 0.2882414151925078, 0.28720083246618106, 0.2845993756503642, 0.2861602497398543, 0.28720083246618106, 0.29136316337148804, 0.29656607700312176, 0.3064516129032258, 0.30332986472424556], "val_acc": [0.20093457943925233, 0.21495327102803738, 0.20093457943925233, 0.205607476635514, 0.2383177570093458, 0.24299065420560748, 0.26635514018691586, 0.2616822429906542, 0.27102803738317754, 0.2616822429906542, 0.27102803738317754, 0.2803738317757009, 0.27102803738317754, 0.2757009345794392, 0.2757009345794392]}