{"train_batch_loss": [5.20607328414917, 4.756983280181885, 4.148936748504639, 3.566206932067871, 3.4159131050109863, 2.6501221656799316, 2.217729330062866, 2.4096357822418213, 2.04934024810791, 1.7786450386047363, 1.550843596458435, 1.373924732208252, 1.5461413860321045, 1.0620540380477905, 1.1886299848556519, 0.9266937971115112, 1.0691144466400146, 0.964187502861023, 0.8092591166496277, 1.0652905702590942, 1.005666971206665, 0.8892737627029419, 0.8991827368736267, 0.825853705406189, 0.860115110874176, 0.9484928846359253, 0.8578813076019287, 0.7469906210899353, 0.8923566341400146, 0.8559957146644592, 0.8701931238174438, 0.7963434457778931, 0.9382621049880981, 0.790288507938385, 0.6426777243614197, 0.816271185874939, 0.7127774357795715, 0.8292816877365112, 0.800965428352356, 0.7981593608856201, 0.7022145986557007, 0.6499091982841492, 0.7776592373847961, 0.5969097018241882, 0.7654368877410889, 0.8337417244911194, 0.8450661897659302, 0.7495026588439941, 0.7327250838279724, 0.908248782157898, 0.7361621260643005, 0.6996439099311829, 0.6908419728279114, 0.6152302026748657, 0.5683816075325012, 0.6736178994178772, 0.6805253028869629, 0.606496274471283, 0.6588300466537476, 0.6358475685119629, 0.6881720423698425, 0.8112049102783203, 0.6090083718299866, 0.7572553157806396, 0.5811041593551636, 0.6788594722747803, 0.6634818315505981, 0.6964462995529175, 0.5339044332504272, 0.7468357086181641, 0.6782073378562927, 0.6222668290138245, 0.6127960681915283, 0.7012484073638916, 0.601551353931427, 0.6604669094085693, 0.601832389831543, 0.6271576881408691, 0.6618247628211975, 0.5776444673538208, 0.6059162616729736, 0.7081573009490967, 0.605088472366333, 0.5494674444198608, 0.6003724336624146, 0.6128971576690674, 0.5855097770690918, 0.6979716420173645, 0.6335498690605164, 0.5814200043678284, 0.6233877539634705, 0.5947586297988892, 0.6053398251533508, 0.5888781547546387, 0.5740050673484802, 0.6171289682388306, 0.5392957329750061, 0.596480131149292, 0.5568118691444397, 0.6216046214103699, 0.5505445599555969, 0.5733271837234497, 0.6367403268814087, 0.6528414487838745, 0.5641781687736511, 0.5370134115219116, 0.666113018989563, 0.5609375834465027, 0.5756962895393372, 0.5275710821151733, 0.6020945310592651, 0.5350284576416016, 0.5712664723396301, 0.6094996333122253, 0.560739278793335, 0.5474266409873962, 0.5802643895149231, 0.5178005695343018, 0.5808826088905334, 0.5147356390953064], "train_loss": [1.978809580206871, 1.022777184844017, 0.9037340879440308, 0.820376567542553, 0.7504421100020409, 0.723075807094574, 0.6826112866401672, 0.6679673790931702, 0.6424792036414146, 0.6181722208857536, 0.6079959534108639, 0.5869340226054192, 0.5724105983972549, 0.558283731341362, 0.5564138293266296], "val_loss": [1.9325207471847534, 1.065180778503418, 0.9629715085029602, 0.8716077208518982, 0.8262376189231873, 0.7967524528503418, 0.7476367950439453, 0.7161257266998291, 0.6902273297309875, 0.6743464469909668, 0.6551259756088257, 0.6431028842926025, 0.6290392279624939, 0.6178421378135681, 0.60996013879776], "train_acc": [0.42299687825182103, 0.6253902185223725, 0.6560874089490114, 0.7211238293444329, 0.7377731529656608, 0.7356919875130072, 0.7398543184183143, 0.7372528616024974, 0.740894901144641, 0.7429760665972945, 0.7419354838709677, 0.7476586888657648, 0.7486992715920916, 0.7476586888657648, 0.7502601456815817], "val_acc": [0.4158878504672897, 0.6074766355140186, 0.5981308411214953, 0.6542056074766355, 0.6448598130841121, 0.6495327102803738, 0.677570093457944, 0.6822429906542056, 0.6822429906542056, 0.677570093457944, 0.6682242990654206, 0.677570093457944, 0.677570093457944, 0.6822429906542056, 0.6869158878504673]}