{"train_batch_loss": [2.92716908454895, 2.4881088733673096, 2.083303928375244, 1.9198662042617798, 1.6432842016220093, 1.608980417251587, 1.381350040435791, 1.1007304191589355, 1.2511264085769653, 1.2348213195800781, 1.19893479347229, 1.239796757698059, 1.170802116394043, 1.155616283416748, 1.0571620464324951, 1.240724802017212, 1.0848779678344727, 1.0311038494110107, 1.0891624689102173, 1.137804627418518, 1.1226041316986084, 1.1373684406280518, 1.1262823343276978, 1.1021708250045776, 1.0617396831512451, 1.066288709640503, 1.0552737712860107, 1.0810015201568604, 1.134871482849121, 0.9613303542137146, 1.0529314279556274, 1.122820496559143, 0.9973158836364746, 1.0505590438842773, 1.0226151943206787, 1.083365797996521, 0.9650383591651917, 1.1551542282104492, 0.9652085900306702, 1.0046461820602417, 1.0846022367477417, 1.0332578420639038, 0.9778981804847717, 1.0163549184799194, 1.01885986328125, 0.9493096470832825, 0.9950965642929077, 0.9008713364601135, 0.9847367405891418, 1.0199153423309326, 1.0618326663970947, 1.005326271057129, 0.9175914525985718, 0.9417131543159485, 0.9219991564750671, 0.9700896143913269, 0.9756577014923096, 1.0405590534210205, 0.9003509283065796, 0.9989475607872009, 0.9342167973518372, 0.9190691113471985, 0.9560447335243225, 0.9312673807144165, 0.9872393608093262, 0.984484851360321, 0.8784569501876831, 0.9455274939537048, 0.9800559878349304, 0.9406954646110535, 0.8897975087165833, 0.9006410241127014, 0.9751325845718384, 0.8755156397819519, 0.9297926425933838, 0.9283036589622498, 0.9039666652679443, 0.9645233154296875, 0.9829629063606262, 0.7991287112236023, 0.9222285151481628, 0.9524407982826233, 0.8834771513938904, 0.8693919777870178, 0.9163488745689392, 0.9516585469245911, 0.9549301862716675, 0.8690171837806702, 0.8844770193099976, 0.9255216717720032, 0.9138932824134827, 0.9737145900726318, 0.8700180053710938, 0.8980135917663574, 0.8968434929847717, 0.8739772439002991, 0.8994863033294678, 0.9472507238388062, 0.8880935311317444, 0.9254087805747986, 0.8420255780220032, 0.8777139782905579, 0.9112119674682617, 0.8547704815864563, 0.921464741230011, 0.8819646835327148, 0.8708711862564087, 0.9037002921104431, 0.8974215984344482, 0.9066937565803528, 0.8476276397705078, 0.8707385063171387, 0.9046475291252136, 0.8636135458946228, 0.8515198230743408, 0.8434162735939026, 0.9034017324447632, 0.8755214810371399, 0.8629531264305115, 1.000335931777954], "train_loss": [1.2018452733755112, 1.1081461161375046, 1.082986369729042, 1.0427058786153793, 1.0123062878847122, 0.9895639047026634, 0.9638736397027969, 0.942102275788784, 0.9296445176005363, 0.9161965176463127, 0.9088644981384277, 0.9029766023159027, 0.8915868476033211, 0.8890909925103188, 0.8674847930669785], "val_loss": [1.1855673789978027, 1.1031426191329956, 1.098038673400879, 1.0884885787963867, 1.0648423433303833, 1.0521550178527832, 1.04207181930542, 1.0343585014343262, 1.0263633728027344, 1.0217279195785522, 1.0127360820770264, 1.007766842842102, 1.0055642127990723, 0.9992443323135376, 0.9942790865898132], "train_acc": [0.4542143600416233, 0.4838709677419355, 0.46774193548387094, 0.4890738813735692, 0.5005202913631633, 0.5145681581685744, 0.5135275754422477, 0.5301768990634755, 0.5338189386056191, 0.5483870967741935, 0.5676378772112383, 0.5744016649323621, 0.5900104058272633, 0.5946930280957337, 0.5972944849115505], "val_acc": [0.40654205607476634, 0.4392523364485981, 0.46261682242990654, 0.4392523364485981, 0.4672897196261682, 0.4719626168224299, 0.4532710280373832, 0.48130841121495327, 0.4719626168224299, 0.49065420560747663, 0.5046728971962616, 0.4953271028037383, 0.5, 0.514018691588785, 0.5093457943925234]}