{"train_batch_loss": [3.8919339179992676, 3.5662803649902344, 3.3126049041748047, 3.1402671337127686, 2.722179412841797, 2.748345375061035, 2.4806272983551025, 2.3472864627838135, 2.3374955654144287, 2.20818829536438, 2.0839157104492188, 2.088491678237915, 2.145787477493286, 2.1719870567321777, 1.9900834560394287, 1.9474979639053345, 1.879653811454773, 2.000500440597534, 1.8734018802642822, 1.8715407848358154, 1.7689348459243774, 1.7079871892929077, 1.778623342514038, 1.556567668914795, 1.6635180711746216, 1.667153000831604, 1.7499703168869019, 1.6214876174926758, 1.6225500106811523, 1.601178526878357, 1.6754025220870972, 1.6045109033584595, 1.5084854364395142, 1.5979734659194946, 1.6468945741653442, 1.5671967267990112, 1.5170252323150635, 1.5697910785675049, 1.6139219999313354, 1.5055710077285767, 1.5892194509506226, 1.5536847114562988, 1.475014090538025, 1.566718339920044, 1.5106358528137207, 1.511603832244873, 1.440250039100647, 1.5176047086715698, 1.5169522762298584, 1.5276192426681519, 1.4015977382659912, 1.4715118408203125, 1.4715337753295898, 1.5292187929153442, 1.5490837097167969, 1.5358566045761108, 1.5010826587677002, 1.4484899044036865, 1.466226577758789, 1.4913277626037598, 1.4502612352371216, 1.5245758295059204, 1.4244099855422974, 1.4717295169830322, 1.4722055196762085, 1.4543359279632568, 1.4559723138809204, 1.4847829341888428, 1.4772472381591797, 1.4121748208999634, 1.409019112586975, 1.4480880498886108, 1.4645754098892212, 1.4095971584320068, 1.4350721836090088, 1.4747247695922852, 1.4855670928955078, 1.4030754566192627, 1.4560651779174805, 1.3535317182540894, 1.458190679550171, 1.4448635578155518, 1.3945081233978271, 1.3682150840759277, 1.4706356525421143, 1.38852858543396, 1.448866605758667, 1.3882131576538086, 1.455300211906433, 1.3977760076522827, 1.4347845315933228, 1.3803205490112305, 1.4404871463775635, 1.4242806434631348, 1.4251158237457275, 1.324939489364624, 1.4265776872634888, 1.3950055837631226, 1.4281848669052124, 1.4198473691940308, 1.3941749334335327, 1.4029840230941772, 1.40724778175354, 1.441852331161499, 1.4061470031738281, 1.427337884902954, 1.363810420036316, 1.4620487689971924, 1.3831970691680908, 1.4114155769348145, 1.3831253051757812, 1.349185585975647, 1.3759111166000366, 1.433236002922058, 1.3981388807296753, 1.3961981534957886, 1.3881514072418213, 1.4063712358474731, 1.403000831604004, 1.4053704738616943], "train_loss": [2.344220608472824, 1.9089374095201492, 1.6954612880945206, 1.5875075459480286, 1.5314742773771286, 1.4939620196819305, 1.473412036895752, 1.455365926027298, 1.4378235638141632, 1.4215297549962997, 1.4125869274139404, 1.4042949825525284, 1.4046496003866196, 1.3939888924360275, 1.3904934972524643], "val_loss": [2.4758071899414062, 2.0426666736602783, 1.7687344551086426, 1.6095561981201172, 1.5511808395385742, 1.53412663936615, 1.5319589376449585, 1.522619366645813, 1.5149787664413452, 1.5067394971847534, 1.4930051565170288, 1.491068720817566, 1.4777308702468872, 1.484008550643921, 1.477659821510315], "train_acc": [0.2445369406867846, 0.24193548387096775, 0.2606659729448491, 0.2627471383975026, 0.2700312174817898, 0.2684703433922997, 0.27523413111342354, 0.2861602497398543, 0.28251821019771073, 0.28407908428720086, 0.2892819979188345, 0.29500520291363164, 0.2970863683662851, 0.3085327783558793, 0.29864724245577523], "val_acc": [0.2336448598130841, 0.20093457943925233, 0.20093457943925233, 0.22429906542056074, 0.2523364485981308, 0.2616822429906542, 0.24299065420560748, 0.2102803738317757, 0.21495327102803738, 0.24299065420560748, 0.21962616822429906, 0.22897196261682243, 0.2570093457943925, 0.2570093457943925, 0.26635514018691586]}