{"train_batch_loss": [9.833927154541016, 8.187816619873047, 7.9439544677734375, 7.905716419219971, 7.219842433929443, 7.088925361633301, 6.515050411224365, 5.622575759887695, 5.860285758972168, 6.254162311553955, 5.703682899475098, 5.340360164642334, 5.058411598205566, 5.676627159118652, 4.799018383026123, 4.4836931228637695, 4.558319568634033, 4.441431045532227, 4.675698757171631, 4.74000358581543, 4.873292922973633, 4.2227396965026855, 3.945880889892578, 4.453857421875, 3.99153470993042, 4.45018196105957, 4.094798564910889, 4.269855499267578, 3.5496368408203125, 3.976808786392212, 3.4546403884887695, 3.535275459289551, 3.3433101177215576, 3.915675640106201, 3.4650280475616455, 3.70436429977417, 3.7019355297088623, 3.085810422897339, 3.141056537628174, 3.379218578338623, 3.4543769359588623, 3.193988800048828, 3.3861162662506104, 3.1935837268829346, 3.0157718658447266, 2.959853172302246, 3.047010660171509, 2.7147319316864014, 3.0752038955688477, 2.9095420837402344, 2.551846981048584, 2.943713903427124, 3.0292069911956787, 3.1182799339294434, 2.6975221633911133, 2.7789063453674316, 2.699640989303589, 3.013249397277832, 2.864637613296509, 2.810666561126709, 2.4667327404022217, 2.608560085296631, 2.5767745971679688, 2.2337024211883545, 2.58870530128479, 2.554572105407715, 2.776665210723877, 2.5007882118225098, 2.386138677597046, 2.664358377456665, 2.4041409492492676, 2.16742205619812, 2.5232810974121094, 2.4992740154266357, 2.5846569538116455, 2.1604013442993164, 2.434344530105591, 2.335678815841675, 2.3146448135375977, 2.3125016689300537, 2.318664312362671, 2.187260866165161, 2.37443208694458, 2.4027750492095947, 2.1331193447113037, 2.2977521419525146, 2.2255218029022217, 2.561523675918579, 2.299738883972168, 2.3287322521209717, 2.1447362899780273, 2.223724126815796, 2.223270893096924, 2.268007278442383, 1.9876906871795654, 2.233393430709839, 2.258582830429077, 2.24410080909729, 1.9600790739059448, 1.9958909749984741, 1.9896191358566284, 2.296312093734741, 2.101762056350708, 2.1988601684570312, 2.3047707080841064, 2.2043569087982178, 2.1483266353607178, 1.8884273767471313, 2.267627716064453, 1.8596985340118408, 1.8646613359451294, 1.7863476276397705, 2.0360896587371826, 2.0053622722625732, 2.0434231758117676, 1.9764835834503174, 2.0349016189575195, 1.870007038116455, 2.0794742107391357, 1.9977588653564453], "train_loss": [6.044974982738495, 4.734710156917572, 4.103138893842697, 3.62167626619339, 3.219153791666031, 2.963920623064041, 2.755986839532852, 2.5758921802043915, 2.4471728205680847, 2.3295678794384003, 2.229498028755188, 2.142076700925827, 2.0735799968242645, 2.0165267288684845, 1.9603974968194962], "val_loss": [5.705931663513184, 4.801174163818359, 4.246429920196533, 3.8004133701324463, 3.4432623386383057, 3.1656081676483154, 2.924354076385498, 2.729247808456421, 2.6284611225128174, 2.530823230743408, 2.482482671737671, 2.438770055770874, 2.399815082550049, 2.3445515632629395, 2.3262956142425537], "train_acc": [0.2601456815816857, 0.2518210197710718, 0.25494276795005205, 0.26534859521331944, 0.27471383975026015, 0.2721123829344433, 0.27315296566077, 0.2762747138397503, 0.28407908428720086, 0.29136316337148804, 0.2934443288241415, 0.29968782518210196, 0.3028095733610822, 0.31165452653485953, 0.31217481789802287], "val_acc": [0.2383177570093458, 0.2570093457943925, 0.26635514018691586, 0.2803738317757009, 0.29439252336448596, 0.2850467289719626, 0.2897196261682243, 0.26635514018691586, 0.26635514018691586, 0.27102803738317754, 0.2897196261682243, 0.29439252336448596, 0.3130841121495327, 0.308411214953271, 0.3177570093457944]}