{"train_batch_loss": [2.208441734313965, 2.0358002185821533, 1.6280220746994019, 1.56177818775177, 1.4458057880401611, 1.3065922260284424, 1.194132924079895, 1.1708897352218628, 1.0610604286193848, 1.0260529518127441, 1.04313063621521, 1.0245592594146729, 1.0300053358078003, 1.0662806034088135, 1.052596926689148, 1.028487205505371, 0.9683182835578918, 1.0467989444732666, 1.030473232269287, 1.0237799882888794, 0.9884162545204163, 0.9601714611053467, 0.9177877902984619, 1.068764090538025, 0.864514172077179, 0.9622880220413208, 1.0355397462844849, 0.9546903371810913, 0.9158448576927185, 0.9789061546325684, 0.9482475519180298, 0.9464773535728455, 0.9541898965835571, 0.8951261043548584, 0.8839189410209656, 0.901161253452301, 0.9205445051193237, 1.0093985795974731, 0.9556911587715149, 0.9063171744346619, 0.8908352851867676, 0.9853628277778625, 0.8970451951026917, 0.9154589772224426, 0.9697102904319763, 0.8503367304801941, 0.9688855409622192, 0.887344241142273, 0.8888399004936218, 0.9160447120666504, 0.9267502427101135, 0.9598544239997864, 0.8934631943702698, 0.8781071901321411, 0.928216814994812, 0.9216524362564087, 0.9287636280059814, 0.9214076995849609, 0.8229030966758728, 0.9127002954483032, 0.9051247239112854, 0.9476354122161865, 0.8786798119544983, 0.9810556769371033, 0.9247543811798096, 0.8730148077011108, 0.9885036945343018, 0.9209520220756531, 0.8319443464279175, 0.9312594532966614, 0.8394412398338318, 0.9633184671401978, 0.8815513253211975, 0.9200366139411926, 0.8209576606750488, 0.9019547700881958, 0.8931956887245178, 0.9250584840774536, 0.9274763464927673, 0.9340829253196716, 0.8712679147720337, 0.8777029514312744, 0.8700376749038696, 0.8773239850997925, 0.9471437335014343, 0.9380983114242554, 0.8845109939575195, 0.9175828695297241, 0.8600187301635742, 0.8972587585449219, 0.8745191693305969, 0.9093227386474609, 0.9011037349700928, 0.8688352704048157, 0.9284399747848511, 0.9426624774932861, 0.8930671811103821, 0.9604848623275757, 0.8641363382339478, 0.9009189605712891, 0.8969162106513977, 0.9281135201454163, 0.8387971520423889, 0.8153338432312012, 0.8987872004508972, 0.8895280361175537, 0.8319224119186401, 0.9423550963401794, 0.8952067494392395, 0.8882534503936768, 0.8952601552009583, 0.8854073882102966, 0.8516181707382202, 0.8622452020645142, 0.8872923254966736, 0.9143700003623962, 0.849837601184845, 0.9462788105010986, 0.9091995358467102, 0.8977482914924622], "train_loss": [1.0831366181373596, 1.0469566956162453, 0.9370100721716881, 0.9360908046364784, 0.9310964569449425, 0.9161742702126503, 0.9089998826384544, 0.9045591577887535, 0.8977714106440544, 0.8982891961932182, 0.8921091482043266, 0.8836944401264191, 0.8919142410159111, 0.8835029900074005, 0.8927175626158714], "val_loss": [1.228725790977478, 1.1748607158660889, 1.1323301792144775, 1.1281629800796509, 1.0936988592147827, 1.0954151153564453, 1.0957740545272827, 1.092098593711853, 1.0893657207489014, 1.082805871963501, 1.091347575187683, 1.0926945209503174, 1.0916883945465088, 1.0933157205581665, 1.095107078552246], "train_acc": [0.49791883454734653, 0.4994797086368366, 0.5301768990634755, 0.5343392299687825, 0.548907388137357, 0.5619146722164412, 0.5697190426638917, 0.5681581685744017, 0.5707596253902185, 0.5733610822060354, 0.5671175858480749, 0.5754422476586889, 0.5759625390218522, 0.5754422476586889, 0.5754422476586889], "val_acc": [0.46261682242990654, 0.5, 0.4672897196261682, 0.48130841121495327, 0.5093457943925234, 0.4719626168224299, 0.48598130841121495, 0.49065420560747663, 0.49065420560747663, 0.48598130841121495, 0.5046728971962616, 0.48598130841121495, 0.5, 0.48130841121495327, 0.48130841121495327]}