{"train_batch_loss": [13.620661735534668, 11.352926254272461, 11.957107543945312, 10.843080520629883, 10.61415958404541, 9.89645767211914, 10.230765342712402, 10.187990188598633, 9.048563957214355, 8.906425476074219, 8.133903503417969, 7.525214672088623, 7.406139850616455, 7.263117790222168, 6.949568748474121, 6.025197505950928, 6.1747660636901855, 6.434508800506592, 6.03049898147583, 5.986142158508301, 5.703501224517822, 5.309481143951416, 5.0622100830078125, 5.195876121520996, 5.063750267028809, 5.009988784790039, 5.049004077911377, 4.640693664550781, 4.953613758087158, 4.494231700897217, 4.5825700759887695, 4.4756622314453125, 4.816643238067627, 4.527953147888184, 4.719913005828857, 4.118402481079102, 4.331439971923828, 3.7780587673187256, 3.9058430194854736, 4.715177536010742, 4.098877906799316, 3.767519950866699, 4.444400310516357, 4.259660720825195, 3.698704719543457, 3.7034502029418945, 3.7311606407165527, 4.112198829650879, 3.702622652053833, 3.402186155319214, 3.590338706970215, 3.73079514503479, 3.8350682258605957, 4.007940292358398, 3.8655786514282227, 2.9771366119384766, 3.5573103427886963, 3.47529673576355, 3.196303606033325, 3.29221510887146, 3.2283709049224854, 3.64857816696167, 3.826056480407715, 3.279123067855835, 3.3229756355285645, 3.2038912773132324, 3.3715689182281494, 3.1442766189575195, 3.2430646419525146, 3.4379611015319824, 2.996678352355957, 3.314521074295044, 3.143446683883667, 2.782156467437744, 3.215111017227173, 3.091209888458252, 3.240311622619629, 3.0387632846832275, 3.0233702659606934, 3.090081214904785, 3.274399757385254, 2.9935944080352783, 2.9981331825256348, 2.8781795501708984, 2.941821336746216, 2.6158447265625, 3.1006712913513184, 2.5207595825195312, 2.752927303314209, 3.061131000518799, 2.8657302856445312, 2.7560746669769287, 2.8618788719177246, 2.851510524749756, 2.4606220722198486, 2.9854066371917725, 2.6421656608581543, 2.851165771484375, 2.672942638397217, 2.8410747051239014, 2.608248710632324, 2.6650538444519043, 2.7603821754455566, 2.624467611312866, 2.5960044860839844, 2.5709643363952637, 2.696672201156616, 2.4656264781951904, 2.5591881275177, 2.4605026245117188, 2.827627658843994, 2.760417938232422, 2.6353936195373535, 2.506838798522949, 2.3915534019470215, 2.520054340362549, 2.5267891883850098, 2.700732469558716, 2.3071584701538086, 2.541426658630371], "train_loss": [8.834949851036072, 6.406776130199432, 5.070168316364288, 4.460200846195221, 4.0964082181453705, 3.7708621323108673, 3.5337221324443817, 3.289763629436493, 3.1405105590820312, 2.9691981077194214, 2.83965665102005, 2.731919825077057, 2.6390650272369385, 2.54271799325943, 2.4498013257980347], "val_loss": [9.093939781188965, 6.4876861572265625, 4.857785701751709, 4.172554969787598, 3.887718677520752, 3.7168314456939697, 3.593235492706299, 3.394801378250122, 3.252578020095825, 3.1290841102600098, 3.022306442260742, 2.9449548721313477, 2.8695054054260254, 2.805882215499878, 2.7373411655426025], "train_acc": [0.2575442247658689, 0.25494276795005205, 0.2559833506763788, 0.25806451612903225, 0.25806451612903225, 0.2601456815816857, 0.26586888657648283, 0.2695109261186264, 0.27471383975026015, 0.27471383975026015, 0.2762747138397503, 0.28355879292403746, 0.2903225806451613, 0.29448491155046824, 0.2892819979188345], "val_acc": [0.21495327102803738, 0.2383177570093458, 0.26635514018691586, 0.29906542056074764, 0.2757009345794392, 0.2803738317757009, 0.27102803738317754, 0.2803738317757009, 0.2897196261682243, 0.2850467289719626, 0.29439252336448596, 0.2897196261682243, 0.2803738317757009, 0.27102803738317754, 0.26635514018691586]}