{"train_batch_loss": [8.467507362365723, 9.515856742858887, 8.390896797180176, 7.976746559143066, 9.01729679107666, 7.6566572189331055, 7.112462520599365, 7.033148288726807, 6.897223472595215, 5.920427322387695, 6.1789045333862305, 5.324638843536377, 6.269805431365967, 5.612337112426758, 5.651882171630859, 5.617457866668701, 4.783879280090332, 5.0472025871276855, 4.778094291687012, 4.359410285949707, 4.79456901550293, 4.866820812225342, 4.624442100524902, 4.149865627288818, 4.5541157722473145, 4.093188762664795, 4.221484661102295, 4.118017673492432, 3.702468156814575, 3.489346742630005, 3.5870256423950195, 3.4055864810943604, 3.4738690853118896, 3.3375260829925537, 3.5191614627838135, 3.3929688930511475, 3.2188243865966797, 3.28218412399292, 3.393834114074707, 3.229957103729248, 3.3011693954467773, 2.852612018585205, 3.240689754486084, 3.0943076610565186, 3.161797523498535, 2.707979202270508, 2.9540653228759766, 2.5829765796661377, 2.7682011127471924, 2.496589422225952, 2.8120226860046387, 2.6001415252685547, 2.686281204223633, 2.8195340633392334, 2.7279410362243652, 3.065676212310791, 2.906583070755005, 2.612847089767456, 2.563533306121826, 2.20731520652771, 2.433230400085449, 2.501084089279175, 2.4072158336639404, 2.435817003250122, 2.2418923377990723, 2.4752044677734375, 2.3276045322418213, 2.303830862045288, 2.3892695903778076, 2.6067936420440674, 2.1958253383636475, 2.1773793697357178, 2.4000742435455322, 2.3536410331726074, 2.2693982124328613, 2.308756113052368, 2.029074192047119, 2.0679800510406494, 2.1222264766693115, 2.293268918991089, 2.3243210315704346, 2.0997209548950195, 2.1221444606781006, 2.3152852058410645, 2.0615999698638916, 2.0546987056732178, 1.9940447807312012, 1.9883546829223633, 2.07712459564209, 2.055800437927246, 2.093719720840454, 2.0138938426971436, 2.1289584636688232, 1.9780313968658447, 2.036726713180542, 1.8272284269332886, 1.991289734840393, 1.977632999420166, 1.963905692100525, 1.8596247434616089, 1.9331419467926025, 2.0810904502868652, 1.9838234186172485, 2.0105628967285156, 2.003239870071411, 2.0042264461517334, 1.9338980913162231, 1.9335426092147827, 1.7241685390472412, 1.8170243501663208, 1.85158109664917, 2.1384336948394775, 1.912240743637085, 1.9256985187530518, 1.8242552280426025, 1.7737445831298828, 1.8351079225540161, 2.0069494247436523, 1.7908750772476196, 1.8261507749557495], "train_loss": [6.668221473693848, 5.124231815338135, 4.1504577696323395, 3.524131268262863, 3.1330303847789764, 2.845339983701706, 2.5774295032024384, 2.4201657474040985, 2.25317046046257, 2.1469608545303345, 2.073648676276207, 1.9891771078109741, 1.9133562594652176, 1.8703211545944214, 1.830678105354309], "val_loss": [6.600832939147949, 5.30758810043335, 4.514564514160156, 3.900770425796509, 3.5002329349517822, 3.195405960083008, 2.9732003211975098, 2.8050968647003174, 2.6870827674865723, 2.5833683013916016, 2.5066118240356445, 2.44246506690979, 2.4039649963378906, 2.354640245437622, 2.317244529724121], "train_acc": [0.25494276795005205, 0.2736732570239334, 0.26899063475546303, 0.2695109261186264, 0.26170655567117584, 0.2663891779396462, 0.27107180020811655, 0.2845993756503642, 0.2887617065556712, 0.3017689906347555, 0.30020811654526536, 0.30749219562955254, 0.3100936524453694, 0.31477627471383973, 0.32362122788761705], "val_acc": [0.2336448598130841, 0.205607476635514, 0.22429906542056074, 0.21495327102803738, 0.2102803738317757, 0.21495327102803738, 0.205607476635514, 0.21962616822429906, 0.21962616822429906, 0.22897196261682243, 0.21495327102803738, 0.24299065420560748, 0.24299065420560748, 0.24299065420560748, 0.24299065420560748]}