{"train_batch_loss": [7.333568572998047, 8.0683012008667, 8.22481918334961, 6.899566173553467, 7.1968464851379395, 6.585495471954346, 4.869649410247803, 4.546175479888916, 5.003144264221191, 4.693559169769287, 4.475213050842285, 3.547673225402832, 3.705564022064209, 4.087754726409912, 3.3568382263183594, 3.3534774780273438, 2.6625466346740723, 2.240403175354004, 2.254518508911133, 1.5239211320877075, 1.9801249504089355, 1.5210824012756348, 1.311787724494934, 0.9902877807617188, 1.0632567405700684, 0.8666142821311951, 0.8817594647407532, 1.0542711019515991, 0.8078794479370117, 1.055937647819519, 0.7211421132087708, 0.793113648891449, 0.7973088026046753, 0.6794864535331726, 0.6096599698066711, 0.5561468005180359, 0.597625195980072, 0.612194299697876, 0.4245756268501282, 0.5690147280693054, 0.4948404133319855, 0.6846591830253601, 0.393297016620636, 0.4857267439365387, 0.43901821970939636, 0.4963827133178711, 0.5352745652198792, 0.5142556428909302, 0.5045226216316223, 0.4751133918762207, 0.5391980409622192, 0.5860655307769775, 0.4181804656982422, 0.4299055337905884, 0.4720507264137268, 0.372997909784317, 0.42879369854927063, 0.5257907509803772, 0.550139307975769, 0.40924468636512756, 0.4889739453792572, 0.42575520277023315, 0.4779696464538574, 0.3641638159751892, 0.42833948135375977, 0.42307326197624207, 0.4604390263557434, 0.5074778199195862, 0.4276716411113739, 0.532913863658905, 0.4519231915473938, 0.2929271161556244, 0.40631580352783203, 0.4169926941394806, 0.42360514402389526, 0.49753037095069885, 0.47045761346817017, 0.4231428802013397, 0.44062164425849915, 0.39801713824272156, 0.3775812089443207, 0.5913699865341187, 0.43079298734664917, 0.4032074809074402, 0.4178929030895233, 0.3674209415912628, 0.4317914545536041, 0.37757256627082825, 0.4418261647224426, 0.4340054988861084, 0.3897334039211273, 0.4406208395957947, 0.38128313422203064, 0.3990684747695923, 0.45904341340065, 0.4046564996242523, 0.36030781269073486, 0.44237565994262695, 0.41698524355888367, 0.34409502148628235, 0.4812852442264557, 0.42169737815856934, 0.4150877892971039, 0.4352341294288635, 0.3433406949043274, 0.41282570362091064, 0.47077676653862, 0.36369988322257996, 0.3688308596611023, 0.43836989998817444, 0.4499644339084625, 0.4413534104824066, 0.3517944812774658, 0.39143213629722595, 0.47552740573883057, 0.42190223932266235, 0.3956531286239624, 0.4503076672554016, 0.3809070885181427, 0.3444097638130188], "train_loss": [5.124099493026733, 2.677368611097336, 1.0959034785628319, 0.6829284504055977, 0.5117637626826763, 0.4889977164566517, 0.4769568145275116, 0.46099845692515373, 0.44356032460927963, 0.4330035038292408, 0.4180004224181175, 0.4207222945988178, 0.41141172870993614, 0.40148988366127014, 0.39780260249972343], "val_loss": [5.0560455322265625, 2.6594960689544678, 1.2300758361816406, 0.8566750288009644, 0.6953750848770142, 0.6683864593505859, 0.6450634002685547, 0.6290991306304932, 0.6168555021286011, 0.5976718068122864, 0.5786276459693909, 0.5663068294525146, 0.5544880628585815, 0.5478457808494568, 0.5420626997947693], "train_acc": [0.4802289281997919, 0.4994797086368366, 0.6555671175858481, 0.7627471383975026, 0.8048907388137357, 0.8158168574401665, 0.8199791883454735, 0.8277835587929241, 0.8225806451612904, 0.8251821019771072, 0.8298647242455776, 0.8288241415192508, 0.8366285119667014, 0.836108220603538, 0.8309053069719042], "val_acc": [0.48130841121495327, 0.48130841121495327, 0.6401869158878505, 0.7336448598130841, 0.7710280373831776, 0.7897196261682243, 0.7850467289719626, 0.7897196261682243, 0.7897196261682243, 0.8084112149532711, 0.8084112149532711, 0.8130841121495327, 0.8084112149532711, 0.8130841121495327, 0.8177570093457944]}