{"train_batch_loss": [7.65438985824585, 6.9206342697143555, 6.347470760345459, 6.311824321746826, 6.867931365966797, 6.64111852645874, 5.736371994018555, 6.254453659057617, 5.271273612976074, 5.185609817504883, 4.719969749450684, 4.81065559387207, 4.056174278259277, 4.877299785614014, 4.8180341720581055, 4.805055141448975, 3.8926734924316406, 4.227695941925049, 3.908444404602051, 3.485633134841919, 3.643153190612793, 3.6322028636932373, 3.9052038192749023, 2.9653706550598145, 3.1806206703186035, 3.2601191997528076, 3.449578285217285, 3.2014894485473633, 3.442697525024414, 3.1771647930145264, 3.251481771469116, 2.8905251026153564, 2.994346857070923, 2.8867900371551514, 3.0801098346710205, 2.815566301345825, 2.8317878246307373, 2.9449517726898193, 2.7199184894561768, 2.5627856254577637, 2.7859601974487305, 2.5142014026641846, 2.6756153106689453, 2.429572343826294, 2.398871421813965, 2.699333906173706, 2.604314088821411, 2.8932559490203857, 2.3750252723693848, 2.382570266723633, 2.461430311203003, 2.4953114986419678, 2.435736894607544, 2.4674782752990723, 2.3148269653320312, 2.1304402351379395, 2.203986644744873, 2.3819797039031982, 2.3919551372528076, 2.2897865772247314, 2.28741192817688, 2.2168965339660645, 2.048525333404541, 1.9703787565231323, 2.0855941772460938, 1.9819066524505615, 2.1359505653381348, 2.130697250366211, 2.0482351779937744, 2.1227943897247314, 2.3490941524505615, 2.0145719051361084, 2.083231210708618, 2.0806450843811035, 2.0303056240081787, 1.9725024700164795, 2.0003626346588135, 2.1536030769348145, 1.8674464225769043, 1.8539766073226929, 2.1139018535614014, 1.8470629453659058, 1.6676603555679321, 1.9285215139389038, 1.9153412580490112, 1.9940561056137085, 2.004711389541626, 2.0057575702667236, 2.059296131134033, 1.8267658948898315, 1.7790617942810059, 1.8023229837417603, 1.8518095016479492, 1.9651743173599243, 1.8301485776901245, 1.7575054168701172, 1.7430729866027832, 1.8918356895446777, 1.8013509511947632, 1.6943811178207397, 1.8236181735992432, 1.8278981447219849, 1.819096565246582, 1.8875558376312256, 1.706725001335144, 1.9675520658493042, 1.6363197565078735, 1.8413363695144653, 1.8016574382781982, 1.7297914028167725, 1.6617811918258667, 1.7156139612197876, 1.6254830360412598, 1.8185158967971802, 1.6451318264007568, 1.845361351966858, 1.7900886535644531, 1.667188048362732, 1.6712769269943237, 1.6571540832519531], "train_loss": [5.3729546666145325, 4.060331881046295, 3.4358500838279724, 3.003460645675659, 2.660794109106064, 2.4939195215702057, 2.267684504389763, 2.1294064670801163, 2.0459703356027603, 1.952668160200119, 1.8779970854520798, 1.8165306001901627, 1.7616753727197647, 1.7332367151975632, 1.6828562766313553], "val_loss": [5.405633926391602, 4.093428611755371, 3.457463264465332, 3.1790339946746826, 2.975543260574341, 2.7939443588256836, 2.6380460262298584, 2.518805980682373, 2.4269192218780518, 2.3526511192321777, 2.2842493057250977, 2.2345852851867676, 2.1870882511138916, 2.1599245071411133, 2.13016414642334], "train_acc": [0.2851196670135276, 0.2903225806451613, 0.2903225806451613, 0.2903225806451613, 0.29084287200832465, 0.3059313215400624, 0.3054110301768991, 0.31165452653485953, 0.3225806451612903, 0.3189386056191467, 0.32570239334027057, 0.3387096774193548, 0.3397502601456816, 0.34443288241415193, 0.350156087408949], "val_acc": [0.2803738317757009, 0.2803738317757009, 0.2523364485981308, 0.24299065420560748, 0.24766355140186916, 0.26635514018691586, 0.2523364485981308, 0.2383177570093458, 0.2570093457943925, 0.2523364485981308, 0.2570093457943925, 0.2616822429906542, 0.2616822429906542, 0.2757009345794392, 0.26635514018691586]}