{"train_batch_loss": [2.909501552581787, 3.068720579147339, 2.763946771621704, 2.65394926071167, 2.4673123359680176, 2.2205796241760254, 2.5387213230133057, 2.6225788593292236, 2.1786205768585205, 2.214836597442627, 2.205331563949585, 2.192113161087036, 2.0208568572998047, 1.822131872177124, 2.0662667751312256, 1.8200379610061646, 1.9413514137268066, 1.8530776500701904, 1.7965539693832397, 1.8710651397705078, 1.7141817808151245, 1.8219865560531616, 1.7036598920822144, 1.7119110822677612, 1.6552903652191162, 1.7204604148864746, 1.6934173107147217, 1.4957619905471802, 1.688164472579956, 1.5443739891052246, 1.6425329446792603, 1.6331861019134521, 1.575667142868042, 1.5617867708206177, 1.4899277687072754, 1.494620680809021, 1.5531140565872192, 1.497519612312317, 1.6002699136734009, 1.4818010330200195, 1.441840410232544, 1.5267219543457031, 1.4917337894439697, 1.486301302909851, 1.4573925733566284, 1.4693113565444946, 1.482488751411438, 1.5502142906188965, 1.4289110898971558, 1.4561158418655396, 1.4989267587661743, 1.441595435142517, 1.392305850982666, 1.4998844861984253, 1.4368810653686523, 1.5263346433639526, 1.4400135278701782, 1.4459576606750488, 1.3912585973739624, 1.4329562187194824, 1.4563872814178467, 1.400713562965393, 1.4489959478378296, 1.4497567415237427, 1.3834666013717651, 1.4437919855117798, 1.4054659605026245, 1.4091168642044067, 1.4189221858978271, 1.3888741731643677, 1.4583500623703003, 1.4450024366378784, 1.4052993059158325, 1.4329102039337158, 1.3843121528625488, 1.4116915464401245, 1.4029552936553955, 1.3819226026535034, 1.4221878051757812, 1.3782649040222168, 1.4348186254501343, 1.4009716510772705, 1.367382287979126, 1.392710566520691, 1.3853590488433838, 1.3963539600372314, 1.3841654062271118, 1.398444414138794, 1.3510297536849976, 1.3617379665374756, 1.4028995037078857, 1.39033842086792, 1.378465175628662, 1.4052479267120361, 1.416568636894226, 1.3848869800567627, 1.3939189910888672, 1.3727734088897705, 1.3818413019180298, 1.3418753147125244, 1.3952010869979858, 1.3949335813522339, 1.4259438514709473, 1.2842917442321777, 1.3571529388427734, 1.4249941110610962, 1.3573209047317505, 1.3481009006500244, 1.378674864768982, 1.3760454654693604, 1.3771764039993286, 1.3573887348175049, 1.3376662731170654, 1.3636418581008911, 1.347086787223816, 1.366437315940857, 1.3872759342193604, 1.3990678787231445, 1.3524293899536133, 1.4351292848587036], "train_loss": [2.243217557668686, 1.8884088397026062, 1.6943987011909485, 1.5711482763290405, 1.5008460581302643, 1.4632552415132523, 1.4372648298740387, 1.4213978946208954, 1.4065166413784027, 1.3949212282896042, 1.3921457529067993, 1.3805245906114578, 1.3725561052560806, 1.3648753017187119, 1.3619552552700043], "val_loss": [2.0929665565490723, 1.7642314434051514, 1.6169220209121704, 1.5152240991592407, 1.465346336364746, 1.440687894821167, 1.4402592182159424, 1.4530423879623413, 1.447831630706787, 1.4409239292144775, 1.4384677410125732, 1.4332735538482666, 1.4360837936401367, 1.4307081699371338, 1.4297407865524292], "train_acc": [0.26899063475546303, 0.27315296566077, 0.27107180020811655, 0.2767950052029136, 0.27107180020811655, 0.27523413111342354, 0.2861602497398543, 0.2861602497398543, 0.29968782518210196, 0.3085327783558793, 0.29968782518210196, 0.30697190426638915, 0.30801248699271594, 0.31165452653485953, 0.31633714880332986], "val_acc": [0.2757009345794392, 0.2897196261682243, 0.3130841121495327, 0.3130841121495327, 0.27102803738317754, 0.2850467289719626, 0.2897196261682243, 0.24766355140186916, 0.2616822429906542, 0.2616822429906542, 0.27102803738317754, 0.29439252336448596, 0.29906542056074764, 0.308411214953271, 0.2850467289719626]}