{"train_batch_loss": [1.5390983819961548, 1.611397385597229, 1.3632159233093262, 1.550650715827942, 1.3438594341278076, 1.2738091945648193, 1.3174623250961304, 1.5151268243789673, 1.3555735349655151, 1.247178554534912, 1.2821775674819946, 1.1846028566360474, 1.0958976745605469, 1.1119775772094727, 1.120732069015503, 1.0258421897888184, 1.030833125114441, 1.05826735496521, 0.9892404079437256, 1.118756890296936, 1.0539073944091797, 1.0870704650878906, 1.130810260772705, 1.0484559535980225, 1.0356619358062744, 1.0674896240234375, 1.054221749305725, 1.0180647373199463, 1.0508828163146973, 1.0656429529190063, 1.0395541191101074, 1.0216748714447021, 0.995135486125946, 1.018038272857666, 1.001911997795105, 1.0297120809555054, 1.0206763744354248, 1.081802248954773, 1.0368187427520752, 1.08961820602417, 1.058396577835083, 0.9809989333152771, 1.0551402568817139, 0.9893432855606079, 1.0046722888946533, 0.9797177314758301, 1.0329517126083374, 0.9575473666191101, 1.0079963207244873, 0.9327034950256348, 1.0451993942260742, 1.0288012027740479, 1.0793938636779785, 0.9787357449531555, 0.9334406852722168, 0.9644534587860107, 0.9877558946609497, 0.9824986457824707, 0.9877020120620728, 1.0094393491744995, 0.9670121669769287, 1.0318247079849243, 0.9678338170051575, 0.9560550451278687, 0.953937828540802, 0.9918793439865112, 0.9626946449279785, 0.9880550503730774, 1.008365511894226, 0.9820014238357544, 0.9655490517616272, 1.0081759691238403, 0.9547114968299866, 0.9894521832466125, 1.0226041078567505, 0.9705843925476074, 0.9953152537345886, 0.954387903213501, 0.955469012260437, 0.9620233178138733, 0.9909770488739014, 1.0015430450439453, 0.9817935228347778, 0.9812864661216736, 0.9987531304359436, 0.9501752853393555, 0.89425128698349, 0.9967979788780212, 0.9863808751106262, 0.9652290940284729, 0.9757356643676758, 0.900386393070221, 0.919255793094635, 0.9240535497665405, 1.035019040107727, 1.0175811052322388, 1.0028886795043945, 0.9483339190483093, 0.9642097353935242, 0.9385076761245728, 0.9469941258430481, 0.9733868837356567, 0.9357132315635681, 0.9388224482536316, 0.9412367939949036, 0.9690766334533691, 0.9443243145942688, 0.9672883749008179, 0.9617878794670105, 0.916778564453125, 0.955395519733429, 0.953594982624054, 0.9384030699729919, 0.9253298044204712, 0.923894464969635, 0.9887540936470032, 0.9884378910064697, 0.9793839454650879, 0.9077516794204712, 0.9388107061386108], "train_loss": [1.2666905522346497, 1.0884783416986465, 1.0596461966633797, 1.0301136672496796, 1.0171609073877335, 1.0025904774665833, 0.9889294132590294, 0.9836313799023628, 0.9846635907888412, 0.9764058291912079, 0.9726235121488571, 0.9590159803628922, 0.9470949247479439, 0.9424541369080544, 0.9460058659315109], "val_loss": [1.3816708326339722, 1.1770970821380615, 1.137945532798767, 1.1373169422149658, 1.1215507984161377, 1.09865140914917, 1.095070481300354, 1.0776163339614868, 1.0870047807693481, 1.0782829523086548, 1.070761799812317, 1.0601115226745605, 1.0564485788345337, 1.0516321659088135, 1.0545917749404907], "train_acc": [0.43704474505723206, 0.45369406867845996, 0.4328824141519251, 0.4578563995837669, 0.43496357960457854, 0.459417273673257, 0.46982310093652446, 0.45681581685744016, 0.4781477627471384, 0.48647242455775236, 0.5135275754422477, 0.514047866805411, 0.5249739854318418, 0.54630593132154, 0.5265348595213319], "val_acc": [0.40186915887850466, 0.40186915887850466, 0.3925233644859813, 0.4252336448598131, 0.3925233644859813, 0.40654205607476634, 0.4205607476635514, 0.40654205607476634, 0.42990654205607476, 0.4158878504672897, 0.4439252336448598, 0.4392523364485981, 0.48598130841121495, 0.49065420560747663, 0.4766355140186916]}