{"train_batch_loss": [4.828867435455322, 4.241626739501953, 3.6086316108703613, 3.0804882049560547, 3.0539841651916504, 2.555316686630249, 2.302995204925537, 1.8758658170700073, 1.7106587886810303, 1.4786834716796875, 1.261733055114746, 1.121444582939148, 1.0208314657211304, 0.9202470183372498, 0.7712175250053406, 0.751389741897583, 0.805627703666687, 0.8109959363937378, 0.7454811930656433, 0.6694309115409851, 0.7202351689338684, 0.803446888923645, 0.6604551076889038, 0.6134384870529175, 0.6729483008384705, 0.6045244336128235, 0.645283043384552, 0.5286421775817871, 0.5784143209457397, 0.6462388038635254, 0.5870269536972046, 0.5097445249557495, 0.5637518167495728, 0.5619500279426575, 0.5178900957107544, 0.5639735460281372, 0.5023497343063354, 0.5950161218643188, 0.5384734869003296, 0.5500081181526184, 0.4841344654560089, 0.5422741770744324, 0.44610434770584106, 0.5849030017852783, 0.4725247621536255, 0.565254807472229, 0.4795962870121002, 0.5293859243392944, 0.4608941674232483, 0.5202922821044922, 0.5706876516342163, 0.4219093918800354, 0.4778156876564026, 0.4251781404018402, 0.5258391499519348, 0.5780273675918579, 0.46004918217658997, 0.4983088970184326, 0.5010064244270325, 0.46994373202323914, 0.47885385155677795, 0.4893174171447754, 0.4255625903606415, 0.5352863073348999, 0.4960956275463104, 0.5115268230438232, 0.3871157765388489, 0.45393648743629456, 0.5173717737197876, 0.45881104469299316, 0.4754760265350342, 0.4609241187572479, 0.5062608122825623, 0.4383936822414398, 0.4342353641986847, 0.5217923521995544, 0.47044837474823, 0.451907753944397, 0.4777791500091553, 0.362907350063324, 0.4816575348377228, 0.5373460650444031, 0.5013982057571411, 0.43906253576278687, 0.4711395502090454, 0.390375554561615, 0.3730870485305786, 0.4953494668006897, 0.459139883518219, 0.38821905851364136, 0.5016169548034668, 0.5220545530319214, 0.45391225814819336, 0.42703330516815186, 0.4284054636955261, 0.4321709871292114, 0.4881384074687958, 0.4116021692752838, 0.40952691435813904, 0.5199306607246399, 0.4510252773761749, 0.4512694478034973, 0.43620485067367554, 0.4008680284023285, 0.4261494278907776, 0.4025953412055969, 0.5161817669868469, 0.438486784696579, 0.3994656503200531, 0.447918564081192, 0.49686968326568604, 0.4381285011768341, 0.4713338613510132, 0.4438169002532959, 0.4537416398525238, 0.3686790466308594, 0.4307061433792114, 0.4738397002220154, 0.45932358503341675, 0.46347305178642273], "train_loss": [1.605352371931076, 0.8053234443068504, 0.6426954194903374, 0.5681945309042931, 0.5256225392222404, 0.49321749061346054, 0.4773247390985489, 0.4671919196844101, 0.46028440073132515, 0.4600917883217335, 0.4500890299677849, 0.4471244812011719, 0.4486805759370327, 0.44788921624422073, 0.44065145030617714], "val_loss": [1.7135189771652222, 0.9545655250549316, 0.7944144010543823, 0.7057426571846008, 0.6584084630012512, 0.6268645524978638, 0.5987830758094788, 0.5826142430305481, 0.5719082951545715, 0.5619070529937744, 0.5544202327728271, 0.5521581172943115, 0.54692143201828, 0.5437118411064148, 0.5420887470245361], "train_acc": [0.28720083246618106, 0.6633714880332986, 0.7440166493236212, 0.7684703433922997, 0.785639958376691, 0.7872008324661811, 0.7929240374609782, 0.7981269510926119, 0.8007284079084287, 0.8033298647242456, 0.8022892819979188, 0.8033298647242456, 0.8048907388137357, 0.8080124869927159, 0.8080124869927159], "val_acc": [0.3411214953271028, 0.6261682242990654, 0.6962616822429907, 0.7289719626168224, 0.7242990654205608, 0.7429906542056075, 0.7289719626168224, 0.719626168224299, 0.7383177570093458, 0.7429906542056075, 0.7289719626168224, 0.719626168224299, 0.7149532710280374, 0.7149532710280374, 0.7149532710280374]}