{"train_batch_loss": [6.939034461975098, 6.6087188720703125, 5.054996013641357, 4.814331531524658, 4.384715557098389, 3.5772154331207275, 3.0112476348876953, 2.582578659057617, 2.106920003890991, 1.7986479997634888, 1.5042084455490112, 1.2359334230422974, 1.2037264108657837, 1.1341103315353394, 0.9981004595756531, 1.063515543937683, 1.0954487323760986, 0.9166051149368286, 0.7547537684440613, 0.833275556564331, 0.7584749460220337, 0.9338176846504211, 0.658149003982544, 0.6238633394241333, 0.5982741117477417, 0.668058454990387, 0.784235954284668, 0.5727483034133911, 0.5732298493385315, 0.5108163952827454, 0.6026709079742432, 0.5065517425537109, 0.6382530927658081, 0.44244423508644104, 0.5601788759231567, 0.433260053396225, 0.5104384422302246, 0.4897710382938385, 0.5149944424629211, 0.7163152098655701, 0.45103394985198975, 0.47113341093063354, 0.49043333530426025, 0.5077187418937683, 0.5184869170188904, 0.4999709725379944, 0.46449345350265503, 0.528409481048584, 0.49824807047843933, 0.49574777483940125, 0.47414207458496094, 0.4531339704990387, 0.3851791024208069, 0.5003104209899902, 0.5094273090362549, 0.3972015678882599, 0.41098785400390625, 0.5394363403320312, 0.4198617935180664, 0.5295771360397339, 0.47058576345443726, 0.46972107887268066, 0.4074878990650177, 0.3435116410255432, 0.39889952540397644, 0.4358185827732086, 0.40993553400039673, 0.42697885632514954, 0.48850497603416443, 0.4281657636165619, 0.446577250957489, 0.5838979482650757, 0.3948146104812622, 0.4004915952682495, 0.43791916966438293, 0.4188273549079895, 0.4263400733470917, 0.47863978147506714, 0.4790428876876831, 0.47227907180786133, 0.4855639934539795, 0.3946385979652405, 0.4994775354862213, 0.4325385093688965, 0.4152737557888031, 0.3685879707336426, 0.42139869928359985, 0.410782128572464, 0.40874236822128296, 0.3819333612918854, 0.5044766068458557, 0.3815491497516632, 0.47264647483825684, 0.4651908874511719, 0.34580889344215393, 0.46571841835975647, 0.4236316382884979, 0.3853723108768463, 0.4409857988357544, 0.3663370609283447, 0.4077299237251282, 0.4847559928894043, 0.48663386702537537, 0.3416413962841034, 0.4493168592453003, 0.3580699563026428, 0.4394646883010864, 0.3815922141075134, 0.37506037950515747, 0.46869462728500366, 0.4609077274799347, 0.41144874691963196, 0.42057687044143677, 0.4118203818798065, 0.37007850408554077, 0.40698087215423584, 0.5135146975517273, 0.38412049412727356, 0.38634082674980164, 0.4546632170677185], "train_loss": [2.098597079515457, 0.9772938638925552, 0.6561102420091629, 0.5488812401890755, 0.5115343742072582, 0.4794238321483135, 0.4578996039927006, 0.44488707929849625, 0.43237584829330444, 0.43691376969218254, 0.42735306918621063, 0.42850037664175034, 0.41527753695845604, 0.4110065884888172, 0.4121749885380268], "val_loss": [2.0341851711273193, 1.0025181770324707, 0.6915220618247986, 0.6128972172737122, 0.6027995944023132, 0.5848510265350342, 0.5759884715080261, 0.5678651928901672, 0.5539795756340027, 0.5463358759880066, 0.5423579216003418, 0.5442530512809753, 0.5427433848381042, 0.5428737998008728, 0.5417409539222717], "train_acc": [0.34755463059313213, 0.6727367325702394, 0.7606659729448492, 0.7575442247658689, 0.7814776274713839, 0.7939646201873048, 0.8033298647242456, 0.8048907388137357, 0.8069719042663892, 0.8074921956295525, 0.813735691987513, 0.8184183142559833, 0.8173777315296566, 0.8158168574401665, 0.8189386056191468], "val_acc": [0.37383177570093457, 0.6355140186915887, 0.7289719626168224, 0.7429906542056075, 0.7289719626168224, 0.7242990654205608, 0.7383177570093458, 0.7383177570093458, 0.7383177570093458, 0.7757009345794392, 0.7663551401869159, 0.7663551401869159, 0.7757009345794392, 0.7850467289719626, 0.7757009345794392]}