{"train_batch_loss": [10.101387023925781, 8.819244384765625, 8.986648559570312, 9.86197280883789, 7.769209861755371, 7.670375347137451, 7.165266990661621, 6.824096202850342, 6.684783935546875, 6.567571640014648, 6.343513488769531, 6.511561393737793, 5.704169273376465, 5.7817063331604, 5.247786045074463, 4.634679317474365, 4.682440280914307, 5.183686256408691, 4.206295013427734, 5.099667072296143, 4.767218112945557, 4.833171367645264, 3.8821029663085938, 4.8104729652404785, 4.285455703735352, 4.394106864929199, 4.223733425140381, 3.6463570594787598, 4.099302291870117, 4.42013692855835, 3.6253299713134766, 3.230205774307251, 3.5730066299438477, 4.06146764755249, 3.3803677558898926, 3.4987316131591797, 3.810638427734375, 3.139787435531616, 3.292236804962158, 3.330868721008301, 3.2027065753936768, 3.3643805980682373, 3.1657345294952393, 3.2478482723236084, 2.9876251220703125, 3.2904446125030518, 2.821560859680176, 2.959319829940796, 2.9253063201904297, 2.9889161586761475, 2.917651653289795, 2.9039547443389893, 2.8388359546661377, 2.663682460784912, 2.785952568054199, 2.911184549331665, 2.7017455101013184, 2.5958986282348633, 2.708888292312622, 2.848010540008545, 2.5177688598632812, 2.9132204055786133, 2.3106844425201416, 2.489208936691284, 2.515843152999878, 2.827038049697876, 2.5281059741973877, 2.4861648082733154, 2.417527198791504, 2.3348968029022217, 2.3385658264160156, 2.1868762969970703, 2.1706602573394775, 2.4320836067199707, 2.3664278984069824, 2.4632744789123535, 2.333507776260376, 2.4702229499816895, 2.1159911155700684, 2.287954807281494, 2.193330764770508, 2.0957884788513184, 2.429236888885498, 2.100005865097046, 2.2660772800445557, 2.2658932209014893, 2.1445789337158203, 2.2231130599975586, 2.184939384460449, 2.327126979827881, 2.067678689956665, 2.058143377304077, 2.2053627967834473, 1.8548401594161987, 2.141011953353882, 2.0090625286102295, 2.020981788635254, 2.041196584701538, 1.9105697870254517, 1.9109714031219482, 2.0445778369903564, 2.191612958908081, 2.073237657546997, 2.0629701614379883, 2.202749490737915, 1.9928474426269531, 1.8142403364181519, 1.750986099243164, 1.8852007389068604, 1.9627068042755127, 1.985327959060669, 2.2810661792755127, 1.683164358139038, 2.030891180038452, 1.7549729347229004, 1.7934603691101074, 1.9374815225601196, 1.9619536399841309, 2.0309224128723145, 2.086263418197632], "train_loss": [6.744070470333099, 5.016268193721771, 4.2307946383953094, 3.7551122903823853, 3.312097430229187, 2.9512098729610443, 2.7011804580688477, 2.5274943709373474, 2.3890331089496613, 2.2553448379039764, 2.1476975977420807, 2.059738591313362, 1.9790163934230804, 1.89907805621624, 1.8451657444238663], "val_loss": [7.141926288604736, 5.421119689941406, 4.735247611999512, 4.1869401931762695, 3.753878116607666, 3.4531450271606445, 3.204420804977417, 3.0131888389587402, 2.846467971801758, 2.7121834754943848, 2.5971529483795166, 2.5110247135162354, 2.4346792697906494, 2.3852295875549316, 2.31772518157959], "train_acc": [0.24765868886576484, 0.2523413111342352, 0.2715920915712799, 0.2851196670135276, 0.29812695109261184, 0.30385015608740895, 0.3059313215400624, 0.30749219562955254, 0.313735691987513, 0.31685744016649325, 0.31997918834547345, 0.32830385015608743, 0.3345473465140479, 0.34027055150884494, 0.33714880332986474], "val_acc": [0.21962616822429906, 0.22429906542056074, 0.2336448598130841, 0.22429906542056074, 0.22429906542056074, 0.22429906542056074, 0.21962616822429906, 0.24299065420560748, 0.2523364485981308, 0.24299065420560748, 0.24766355140186916, 0.24766355140186916, 0.24299065420560748, 0.2383177570093458, 0.2616822429906542]}