{"train_batch_loss": [6.688141345977783, 5.037868976593018, 5.0110321044921875, 4.946634769439697, 4.721564292907715, 4.272236347198486, 3.581218957901001, 3.4254257678985596, 3.4297842979431152, 3.025099992752075, 2.9937872886657715, 2.8262271881103516, 3.0932347774505615, 2.9789469242095947, 2.9194352626800537, 2.9718213081359863, 2.7835159301757812, 2.8432631492614746, 2.384730815887451, 2.5420806407928467, 1.9976050853729248, 2.3494555950164795, 2.318873643875122, 2.467388391494751, 2.2598772048950195, 2.1247081756591797, 1.9724923372268677, 2.015909433364868, 2.0014238357543945, 2.0946972370147705, 1.9141143560409546, 2.126818895339966, 2.039149522781372, 1.949639916419983, 1.8206722736358643, 1.893774151802063, 1.8057516813278198, 1.8429813385009766, 1.711122751235962, 1.791661024093628, 1.7230110168457031, 1.6892306804656982, 1.7117840051651, 1.881208062171936, 1.708203911781311, 1.7365119457244873, 1.6095048189163208, 1.6254334449768066, 1.7091737985610962, 1.6377363204956055, 1.6035975217819214, 1.8004878759384155, 1.511618733406067, 1.5969327688217163, 1.6010167598724365, 1.536044716835022, 1.547311782836914, 1.6774370670318604, 1.566466212272644, 1.5128819942474365, 1.57942533493042, 1.576629400253296, 1.5677270889282227, 1.5582406520843506, 1.4265466928482056, 1.486301302909851, 1.557335615158081, 1.5461701154708862, 1.6184757947921753, 1.6065982580184937, 1.5410921573638916, 1.5099234580993652, 1.535986304283142, 1.5133379697799683, 1.4872418642044067, 1.4886157512664795, 1.5426356792449951, 1.5338292121887207, 1.5325945615768433, 1.4125924110412598, 1.516553282737732, 1.4805628061294556, 1.5550074577331543, 1.465354561805725, 1.4296939373016357, 1.3844783306121826, 1.5381479263305664, 1.5814104080200195, 1.483279824256897, 1.4338529109954834, 1.4729316234588623, 1.511214256286621, 1.475022315979004, 1.4750100374221802, 1.4494386911392212, 1.4315441846847534, 1.381217360496521, 1.4315472841262817, 1.4237444400787354, 1.5311933755874634, 1.4326121807098389, 1.4598428010940552, 1.5054765939712524, 1.4635056257247925, 1.4036198854446411, 1.4485554695129395, 1.4411945343017578, 1.490644931793213, 1.44828200340271, 1.407618761062622, 1.402376651763916, 1.4828027486801147, 1.419166922569275, 1.4352524280548096, 1.4430866241455078, 1.413611888885498, 1.4186429977416992, 1.5474157333374023, 1.3614702224731445, 1.3320225477218628], "train_loss": [3.334086298942566, 2.6518392264842987, 2.182744637131691, 1.933588519692421, 1.7685604393482208, 1.651840165257454, 1.5919121652841568, 1.5496097058057785, 1.519036591053009, 1.493787705898285, 1.4817663133144379, 1.4557237327098846, 1.437661200761795, 1.4271655678749084, 1.4139994829893112], "val_loss": [2.947014331817627, 2.536787986755371, 2.158661365509033, 1.8935050964355469, 1.7584888935089111, 1.6683375835418701, 1.605238437652588, 1.5504087209701538, 1.5230451822280884, 1.5061136484146118, 1.4986521005630493, 1.4829304218292236, 1.4732874631881714, 1.4691771268844604, 1.4592301845550537], "train_acc": [0.24921956295525494, 0.24921956295525494, 0.25286160249739853, 0.27315296566077, 0.2767950052029136, 0.2778355879292404, 0.28199791883454733, 0.2903225806451613, 0.2939646201873049, 0.2976066597294485, 0.29864724245577523, 0.30749219562955254, 0.31269510926118627, 0.32049947970863685, 0.31997918834547345], "val_acc": [0.2523364485981308, 0.21962616822429906, 0.21962616822429906, 0.2383177570093458, 0.2523364485981308, 0.24766355140186916, 0.2336448598130841, 0.24766355140186916, 0.27102803738317754, 0.2570093457943925, 0.2803738317757009, 0.2803738317757009, 0.27102803738317754, 0.2616822429906542, 0.2757009345794392]}