{"train_batch_loss": [8.631898880004883, 8.125509262084961, 8.555689811706543, 7.071263313293457, 7.188833236694336, 7.5774149894714355, 6.5406928062438965, 5.350602626800537, 5.910452365875244, 5.9602837562561035, 6.071381568908691, 5.3521647453308105, 5.579984664916992, 5.462888240814209, 5.157328128814697, 4.9949951171875, 5.261423587799072, 5.039680480957031, 4.350122928619385, 4.45904016494751, 4.562051296234131, 4.4779157638549805, 4.2096171379089355, 3.9684109687805176, 4.350090503692627, 3.887279748916626, 3.885930299758911, 3.6130189895629883, 4.040991306304932, 3.677095651626587, 3.2532687187194824, 3.534097909927368, 3.5534722805023193, 3.651949882507324, 3.266314744949341, 3.2337608337402344, 3.1408557891845703, 3.0916454792022705, 3.0135161876678467, 3.2158713340759277, 2.880937337875366, 3.1536388397216797, 2.789952516555786, 3.152803659439087, 2.55008864402771, 2.898116111755371, 3.000758171081543, 3.3608131408691406, 2.9518625736236572, 2.8860929012298584, 3.0607028007507324, 2.962216854095459, 2.686863422393799, 2.5223968029022217, 2.3106136322021484, 2.283106565475464, 2.758845329284668, 2.5172653198242188, 2.473036766052246, 2.8318700790405273, 2.2919788360595703, 2.6447360515594482, 2.2881555557250977, 2.921849250793457, 2.537592649459839, 2.6385083198547363, 2.4911444187164307, 2.2142882347106934, 2.372889280319214, 2.436405658721924, 2.557600498199463, 2.050518035888672, 2.2363946437835693, 2.1490416526794434, 2.336258888244629, 2.191882610321045, 2.4892168045043945, 2.506197214126587, 2.200958251953125, 2.645625591278076, 2.1957919597625732, 2.358961582183838, 2.3072218894958496, 2.192805528640747, 2.2528820037841797, 2.202829122543335, 2.2006306648254395, 2.2271206378936768, 1.9972842931747437, 2.245210886001587, 2.226121187210083, 2.1263699531555176, 2.1295740604400635, 2.4597644805908203, 1.9743824005126953, 2.1355252265930176, 2.0848326683044434, 2.089658737182617, 1.9910683631896973, 2.15566349029541, 2.1264801025390625, 2.118175506591797, 2.189335346221924, 2.0821378231048584, 2.01318359375, 1.9719222784042358, 2.0241432189941406, 2.0336875915527344, 2.0680596828460693, 2.165341377258301, 2.09443998336792, 1.9661043882369995, 1.925256371498108, 1.971214771270752, 2.057347059249878, 1.8601336479187012, 2.070283889770508, 2.1857311725616455, 1.969078779220581, 1.8292298316955566], "train_loss": [6.1513901352882385, 4.964667499065399, 4.073807060718536, 3.4419582784175873, 3.0589779019355774, 2.792237550020218, 2.6087909042835236, 2.449168384075165, 2.3480787575244904, 2.248907208442688, 2.181436210870743, 2.1197599321603775, 2.0677095502614975, 1.996947169303894, 1.9580819755792618], "val_loss": [6.630753993988037, 5.523021697998047, 4.65312385559082, 4.053188323974609, 3.660444498062134, 3.402191638946533, 3.1970200538635254, 3.032670736312866, 2.89914608001709, 2.8298394680023193, 2.7715861797332764, 2.7019803524017334, 2.6543102264404297, 2.626873731613159, 2.5706002712249756], "train_acc": [0.24349635796045785, 0.24765868886576484, 0.25390218522372526, 0.277315296566077, 0.2861602497398543, 0.29292403746097817, 0.2845993756503642, 0.29136316337148804, 0.30385015608740895, 0.3090530697190427, 0.31269510926118627, 0.3152965660770031, 0.3262226847034339, 0.32934443288241416, 0.33610822060353795], "val_acc": [0.19626168224299065, 0.19158878504672897, 0.17289719626168223, 0.18691588785046728, 0.205607476635514, 0.21962616822429906, 0.21495327102803738, 0.21962616822429906, 0.21495327102803738, 0.21495327102803738, 0.2336448598130841, 0.21962616822429906, 0.2102803738317757, 0.22897196261682243, 0.21495327102803738]}