{"train_batch_loss": [4.006637096405029, 3.496582508087158, 3.5799922943115234, 2.8088207244873047, 2.908036708831787, 3.0489842891693115, 3.1516029834747314, 2.920909881591797, 2.7614989280700684, 2.481945514678955, 2.4264917373657227, 2.5478241443634033, 2.5213301181793213, 2.123833656311035, 2.36379337310791, 2.247030735015869, 2.222900629043579, 2.1526904106140137, 2.1451385021209717, 2.2773630619049072, 2.193610906600952, 1.9267818927764893, 1.9766936302185059, 1.96574068069458, 2.0529532432556152, 2.0185673236846924, 1.951846718788147, 1.8952008485794067, 1.6910582780838013, 1.871775507926941, 1.9091070890426636, 1.9345314502716064, 1.8622195720672607, 1.7916187047958374, 1.7151713371276855, 1.8154001235961914, 1.833195686340332, 1.7548177242279053, 1.7326810359954834, 1.7713840007781982, 1.7296791076660156, 1.7016962766647339, 1.6949191093444824, 1.742119550704956, 1.6979179382324219, 1.7091407775878906, 1.6475127935409546, 1.6754734516143799, 1.5710135698318481, 1.6367310285568237, 1.7046390771865845, 1.7896674871444702, 1.6400179862976074, 1.6068205833435059, 1.6146806478500366, 1.517092227935791, 1.5087637901306152, 1.6163784265518188, 1.5976122617721558, 1.636741042137146, 1.5888522863388062, 1.6386812925338745, 1.60662043094635, 1.5310571193695068, 1.5627696514129639, 1.6031275987625122, 1.560142993927002, 1.572119116783142, 1.491377830505371, 1.5059545040130615, 1.6201286315917969, 1.6029311418533325, 1.4988934993743896, 1.6022807359695435, 1.5318363904953003, 1.5002332925796509, 1.485705018043518, 1.5393553972244263, 1.52348792552948, 1.60094153881073, 1.489916205406189, 1.5088472366333008, 1.5359418392181396, 1.5338326692581177, 1.5039466619491577, 1.4858614206314087, 1.4854108095169067, 1.5608742237091064, 1.490678071975708, 1.5102955102920532, 1.441890001296997, 1.4982279539108276, 1.4834219217300415, 1.4834777116775513, 1.5242056846618652, 1.5283299684524536, 1.4574894905090332, 1.5121744871139526, 1.4771169424057007, 1.5017317533493042, 1.4850329160690308, 1.4098540544509888, 1.4842301607131958, 1.4412482976913452, 1.4709666967391968, 1.428641676902771, 1.4560067653656006, 1.4917452335357666, 1.4572138786315918, 1.440421223640442, 1.4855520725250244, 1.4353632926940918, 1.4541893005371094, 1.4708807468414307, 1.4685802459716797, 1.463087558746338, 1.5122625827789307, 1.3521634340286255, 1.424554467201233, 1.4053833484649658], "train_loss": [2.6542144417762756, 2.211304545402527, 1.9704553186893463, 1.8132289499044418, 1.7236537635326385, 1.646804466843605, 1.609949454665184, 1.5584584921598434, 1.5433904081583023, 1.5150661617517471, 1.4935518354177475, 1.4778104573488235, 1.455263540148735, 1.4431846886873245, 1.4275640547275543], "val_loss": [2.7834367752075195, 2.414306640625, 2.186286687850952, 1.9584583044052124, 1.8515746593475342, 1.7807530164718628, 1.7344249486923218, 1.6837306022644043, 1.645552635192871, 1.6320946216583252, 1.611580491065979, 1.5994479656219482, 1.5818649530410767, 1.5779765844345093, 1.5751701593399048], "train_acc": [0.25494276795005205, 0.2601456815816857, 0.27419354838709675, 0.2663891779396462, 0.26378772112382937, 0.2679500520291363, 0.28303850156087407, 0.2861602497398543, 0.28407908428720086, 0.2892819979188345, 0.29292403746097817, 0.29968782518210196, 0.2976066597294485, 0.31685744016649325, 0.3085327783558793], "val_acc": [0.29906542056074764, 0.29906542056074764, 0.2757009345794392, 0.2616822429906542, 0.24766355140186916, 0.24766355140186916, 0.2523364485981308, 0.24299065420560748, 0.26635514018691586, 0.2616822429906542, 0.2523364485981308, 0.27102803738317754, 0.27102803738317754, 0.26635514018691586, 0.24766355140186916]}