{"train_batch_loss": [3.025850534439087, 2.8568108081817627, 2.917851686477661, 2.802191734313965, 2.7691750526428223, 2.4850869178771973, 2.2842493057250977, 2.369871139526367, 2.083440065383911, 2.104907512664795, 2.2007546424865723, 2.0327155590057373, 1.9604241847991943, 1.8660365343093872, 1.7864482402801514, 1.8465335369110107, 1.8060449361801147, 1.766882061958313, 1.831565499305725, 1.7017379999160767, 1.6393227577209473, 1.6336276531219482, 1.6254087686538696, 1.6583876609802246, 1.5194119215011597, 1.631919503211975, 1.5838013887405396, 1.5094224214553833, 1.5961774587631226, 1.5535380840301514, 1.4878662824630737, 1.4736899137496948, 1.518131971359253, 1.5493570566177368, 1.4118826389312744, 1.4603917598724365, 1.4558172225952148, 1.4656201601028442, 1.4143047332763672, 1.5351622104644775, 1.4857139587402344, 1.4652881622314453, 1.4363524913787842, 1.412196397781372, 1.4212193489074707, 1.4406787157058716, 1.4316136837005615, 1.3882062435150146, 1.3964496850967407, 1.4213255643844604, 1.4537798166275024, 1.3681844472885132, 1.4314044713974, 1.4443203210830688, 1.3992301225662231, 1.4218275547027588, 1.4241094589233398, 1.3382453918457031, 1.4633586406707764, 1.4240151643753052, 1.3799455165863037, 1.388617992401123, 1.3814804553985596, 1.4168272018432617, 1.4353429079055786, 1.3880276679992676, 1.4034801721572876, 1.3981977701187134, 1.3906598091125488, 1.3629693984985352, 1.3711674213409424, 1.3413277864456177, 1.3815314769744873, 1.3432197570800781, 1.3920056819915771, 1.383309006690979, 1.3775869607925415, 1.4111100435256958, 1.3570970296859741, 1.4018834829330444, 1.344921588897705, 1.3858150243759155, 1.3551077842712402, 1.4105840921401978, 1.3864836692810059, 1.3580682277679443, 1.3610103130340576, 1.3622239828109741, 1.3707867860794067, 1.3806954622268677, 1.3687448501586914, 1.3578053712844849, 1.3071552515029907, 1.3662515878677368, 1.4124447107315063, 1.3496510982513428, 1.411217212677002, 1.3627454042434692, 1.3397668600082397, 1.3525900840759277, 1.3418889045715332, 1.3575701713562012, 1.378869652748108, 1.3076982498168945, 1.3383846282958984, 1.4078428745269775, 1.3427735567092896, 1.3170143365859985, 1.3814884424209595, 1.3534445762634277, 1.331859827041626, 1.365884780883789, 1.339447259902954, 1.3140885829925537, 1.3491849899291992, 1.3389079570770264, 1.3440667390823364, 1.3756349086761475, 1.3661649227142334, 1.4042311906814575], "train_loss": [2.1783245503902435, 1.8037891536951065, 1.5939559042453766, 1.4920958578586578, 1.447422280907631, 1.4208982437849045, 1.4023676961660385, 1.387887418270111, 1.383322685956955, 1.3695155531167984, 1.3627777993679047, 1.361477330327034, 1.3488576114177704, 1.3476902395486832, 1.345693901181221], "val_loss": [2.220097064971924, 1.8462828397750854, 1.6648013591766357, 1.5651497840881348, 1.5224647521972656, 1.507651925086975, 1.499617576599121, 1.4871668815612793, 1.4755851030349731, 1.4704372882843018, 1.4647122621536255, 1.458990454673767, 1.456013560295105, 1.4570554494857788, 1.4593826532363892], "train_acc": [0.2643080124869927, 0.27523413111342354, 0.2809573361082206, 0.27991675338189387, 0.29500520291363164, 0.3100936524453694, 0.3142559833506764, 0.3184183142559833, 0.3142559833506764, 0.32362122788761705, 0.322060353798127, 0.32466181061394384, 0.32830385015608743, 0.3309053069719043, 0.3262226847034339], "val_acc": [0.24299065420560748, 0.2523364485981308, 0.2523364485981308, 0.27102803738317754, 0.29439252336448596, 0.2850467289719626, 0.29439252336448596, 0.29439252336448596, 0.29439252336448596, 0.29439252336448596, 0.2850467289719626, 0.2850467289719626, 0.2897196261682243, 0.2897196261682243, 0.27102803738317754]}