{"train_batch_loss": [9.495808601379395, 8.113587379455566, 8.257974624633789, 8.237527847290039, 6.078060626983643, 7.031947612762451, 7.222716331481934, 5.366373538970947, 6.163275718688965, 5.692874908447266, 5.114784240722656, 5.215258598327637, 4.8633904457092285, 4.4752092361450195, 4.188622951507568, 4.302039623260498, 3.9852452278137207, 4.192502975463867, 4.090907096862793, 3.580523729324341, 3.468578815460205, 3.2537918090820312, 3.676461935043335, 3.5185258388519287, 3.442495822906494, 3.53818416595459, 3.0619654655456543, 3.2726385593414307, 2.994777202606201, 2.943037271499634, 2.7597391605377197, 2.684180736541748, 2.623256206512451, 2.87009859085083, 2.695405960083008, 2.4739787578582764, 2.6319215297698975, 2.6250979900360107, 2.745455503463745, 2.5762317180633545, 2.2811977863311768, 2.5461881160736084, 2.4736368656158447, 2.545513868331909, 2.19732403755188, 2.194897174835205, 2.3934812545776367, 2.5040361881256104, 2.4252254962921143, 2.2547757625579834, 2.2599809169769287, 2.140465021133423, 2.066697120666504, 2.1651461124420166, 2.0799052715301514, 2.386335849761963, 1.9512720108032227, 2.0538828372955322, 2.019303321838379, 2.2094013690948486, 2.0649383068084717, 2.187459945678711, 2.2309064865112305, 1.9717538356781006, 1.891552209854126, 1.9486680030822754, 1.9729433059692383, 2.2262258529663086, 1.7740893363952637, 1.8887709379196167, 2.1205809116363525, 2.216038703918457, 1.8156200647354126, 1.9548959732055664, 1.9595646858215332, 1.778096318244934, 1.892455816268921, 1.8101508617401123, 2.047083854675293, 2.0948269367218018, 1.7964222431182861, 1.8550477027893066, 1.8610713481903076, 1.8489097356796265, 1.7333800792694092, 1.8650383949279785, 1.7747783660888672, 1.980867624282837, 1.7974222898483276, 1.5613616704940796, 1.7584973573684692, 1.7088619470596313, 1.90260910987854, 1.7602788209915161, 1.758618712425232, 2.0693273544311523, 1.8334734439849854, 1.717710256576538, 1.8693029880523682, 1.7509689331054688, 1.649398684501648, 1.7293227910995483, 1.6095926761627197, 1.5002137422561646, 1.7075024843215942, 1.6546627283096313, 1.6218969821929932, 1.7386043071746826, 1.5628020763397217, 1.610343337059021, 1.6978298425674438, 1.9324942827224731, 1.5357565879821777, 1.6811355352401733, 1.7025299072265625, 1.6279069185256958, 1.6632883548736572, 1.5358275175094604, 1.586866855621338, 1.8546754121780396], "train_loss": [5.782626509666443, 4.062861531972885, 3.3578335642814636, 2.786895662546158, 2.459762692451477, 2.2575737833976746, 2.136794775724411, 2.009832739830017, 1.9402560889720917, 1.8620907217264175, 1.777512177824974, 1.728029653429985, 1.6920930296182632, 1.6443419605493546, 1.5995922833681107], "val_loss": [5.842377662658691, 4.14724588394165, 3.5195398330688477, 2.907487630844116, 2.6204257011413574, 2.478205680847168, 2.3821866512298584, 2.246135711669922, 2.1592187881469727, 2.0838849544525146, 2.0256874561309814, 1.955674409866333, 1.9125632047653198, 1.8654667139053345, 1.830572485923767], "train_acc": [0.26170655567117584, 0.2648283038501561, 0.26222684703433924, 0.2643080124869927, 0.2804370447450572, 0.28720083246618106, 0.28563995837669093, 0.2970863683662851, 0.29864724245577523, 0.3152965660770031, 0.31269510926118627, 0.32049947970863685, 0.31997918834547345, 0.32882414151925077, 0.3345473465140479], "val_acc": [0.26635514018691586, 0.2803738317757009, 0.2523364485981308, 0.24766355140186916, 0.21962616822429906, 0.2383177570093458, 0.24299065420560748, 0.2570093457943925, 0.2570093457943925, 0.2616822429906542, 0.2757009345794392, 0.2897196261682243, 0.2803738317757009, 0.2757009345794392, 0.27102803738317754]}