{"train_batch_loss": [4.338799476623535, 4.727626800537109, 4.236937999725342, 3.42763614654541, 3.4534730911254883, 3.6005501747131348, 3.5107133388519287, 3.3178088665008545, 2.9657719135284424, 2.992957592010498, 2.7984464168548584, 2.8154337406158447, 2.7829718589782715, 2.610990047454834, 2.4470407962799072, 2.4738407135009766, 2.304607629776001, 2.4538493156433105, 2.2962546348571777, 2.3436601161956787, 2.4131014347076416, 2.4447009563446045, 2.063162088394165, 2.223153591156006, 2.130150079727173, 2.0992650985717773, 1.9021884202957153, 2.1938304901123047, 2.052415370941162, 1.988357663154602, 1.9977391958236694, 1.9925428628921509, 1.9342554807662964, 1.7803585529327393, 1.9884928464889526, 1.8965052366256714, 1.8037842512130737, 1.9246033430099487, 1.8472532033920288, 1.668065071105957, 1.717925786972046, 1.9538311958312988, 1.8345166444778442, 1.862601399421692, 1.6039459705352783, 1.6819170713424683, 1.6743537187576294, 1.6993283033370972, 1.6192021369934082, 1.79104483127594, 1.6948351860046387, 1.6745100021362305, 1.666839838027954, 1.6302125453948975, 1.7286416292190552, 1.6762208938598633, 1.7184984683990479, 1.5261507034301758, 1.686540126800537, 1.6486485004425049, 1.637719988822937, 1.6197376251220703, 1.6494516134262085, 1.5551388263702393, 1.6875081062316895, 1.5999857187271118, 1.5718085765838623, 1.5818060636520386, 1.5570887327194214, 1.5909762382507324, 1.541221022605896, 1.612182378768921, 1.54068124294281, 1.4845037460327148, 1.5842735767364502, 1.5758123397827148, 1.4920881986618042, 1.5964257717132568, 1.4987952709197998, 1.7057162523269653, 1.4962620735168457, 1.5461106300354004, 1.5215457677841187, 1.5028775930404663, 1.5724691152572632, 1.541305661201477, 1.496188998222351, 1.4925934076309204, 1.5007280111312866, 1.4104470014572144, 1.4851484298706055, 1.5329573154449463, 1.4716836214065552, 1.4485925436019897, 1.5522490739822388, 1.5957770347595215, 1.506292462348938, 1.4610497951507568, 1.5187830924987793, 1.5037493705749512, 1.4259402751922607, 1.4606696367263794, 1.421870231628418, 1.476216435432434, 1.4409910440444946, 1.426888108253479, 1.50841224193573, 1.4277093410491943, 1.4033876657485962, 1.4598021507263184, 1.4914697408676147, 1.442685604095459, 1.4243508577346802, 1.4300576448440552, 1.4274417161941528, 1.4640064239501953, 1.399390459060669, 1.4401477575302124, 1.4496866464614868, 1.4645700454711914], "train_loss": [2.9868332147598267, 2.463037759065628, 2.168687582015991, 1.9348235577344894, 1.7910464406013489, 1.6974315494298935, 1.6462437808513641, 1.5926298201084137, 1.5705133080482483, 1.522754043340683, 1.5060116797685623, 1.4858084917068481, 1.454737663269043, 1.4421028792858124, 1.4194584041833878], "val_loss": [3.3107237815856934, 2.7236897945404053, 2.4217498302459717, 2.1376264095306396, 1.9621894359588623, 1.8839324712753296, 1.82657790184021, 1.763333797454834, 1.7212305068969727, 1.6799745559692383, 1.6449626684188843, 1.6186318397521973, 1.5867434740066528, 1.5787431001663208, 1.5690823793411255], "train_acc": [0.25494276795005205, 0.2554630593132154, 0.2518210197710718, 0.2596253902185224, 0.26690946930280957, 0.2721123829344433, 0.2793964620187305, 0.2934443288241415, 0.2934443288241415, 0.3007284079084287, 0.30437044745057235, 0.3106139438085328, 0.3106139438085328, 0.3215400624349636, 0.3303850156087409], "val_acc": [0.2803738317757009, 0.24299065420560748, 0.2336448598130841, 0.27102803738317754, 0.24766355140186916, 0.2102803738317757, 0.22429906542056074, 0.24766355140186916, 0.24299065420560748, 0.26635514018691586, 0.26635514018691586, 0.2616822429906542, 0.27102803738317754, 0.2616822429906542, 0.2570093457943925]}