{"train_batch_loss": [16.43556785583496, 13.831094741821289, 15.899517059326172, 12.64297866821289, 12.411174774169922, 12.51968765258789, 11.516626358032227, 11.552501678466797, 8.768497467041016, 9.438716888427734, 8.129718780517578, 8.485445976257324, 8.79677963256836, 8.94815444946289, 6.875864028930664, 7.085755348205566, 6.495413303375244, 6.35668420791626, 6.609347820281982, 5.51253604888916, 5.897365570068359, 6.562607765197754, 5.949536323547363, 5.91147518157959, 5.580606937408447, 5.393338680267334, 5.243963718414307, 4.835598468780518, 5.566842555999756, 5.562343120574951, 4.6974897384643555, 4.335041522979736, 5.289731025695801, 4.647120475769043, 4.574584484100342, 4.938223361968994, 4.538403034210205, 4.227705001831055, 4.54158353805542, 3.9968929290771484, 4.94270658493042, 3.983424425125122, 4.220944881439209, 3.8495044708251953, 4.057372570037842, 3.946484327316284, 4.492868900299072, 3.3554224967956543, 4.131450653076172, 4.143213748931885, 3.7974822521209717, 3.9117517471313477, 3.195492744445801, 3.8020617961883545, 3.6952409744262695, 3.4455161094665527, 3.644279718399048, 3.4715142250061035, 3.599261522293091, 3.4743785858154297, 3.385965347290039, 3.3367927074432373, 3.632420301437378, 3.478355646133423, 3.3410866260528564, 3.308868169784546, 3.374089479446411, 3.3931360244750977, 3.4821929931640625, 3.247370481491089, 3.0908713340759277, 2.476914644241333, 3.3198142051696777, 3.0309596061706543, 3.0479540824890137, 3.0290353298187256, 3.2522406578063965, 3.3382182121276855, 2.4715256690979004, 3.2094430923461914, 2.959885835647583, 2.99757719039917, 3.0108630657196045, 2.765209674835205, 2.924384593963623, 2.809316873550415, 3.07145357131958, 2.7654569149017334, 2.96071720123291, 2.913686513900757, 2.635164499282837, 2.888164520263672, 2.808697462081909, 2.7604873180389404, 2.6326441764831543, 2.615354537963867, 2.3653793334960938, 2.7129859924316406, 2.7337000370025635, 2.6296534538269043, 2.9352216720581055, 2.6921255588531494, 2.6981112957000732, 2.5381367206573486, 2.4071907997131348, 2.8177459239959717, 2.6571242809295654, 2.626837730407715, 2.3243486881256104, 2.459573268890381, 2.7506515979766846, 2.557720899581909, 2.626523494720459, 2.5883500576019287, 2.3051352500915527, 2.661067008972168, 2.4583473205566406, 2.482266902923584, 2.291304588317871, 2.5013532638549805], "train_loss": [10.06974458694458, 6.726351022720337, 5.566230297088623, 4.830894649028778, 4.344019949436188, 3.8887956738471985, 3.5984502732753754, 3.320073664188385, 3.1110289692878723, 2.9756385385990143, 2.839082717895508, 2.732597291469574, 2.6098594069480896, 2.4892269670963287, 2.4396214187145233], "val_loss": [10.441597938537598, 6.941856384277344, 5.670948505401611, 4.954306125640869, 4.604478359222412, 4.20510196685791, 3.885476589202881, 3.649315118789673, 3.477311849594116, 3.3569741249084473, 3.227949380874634, 3.1220171451568604, 3.027514696121216, 2.9586434364318848, 2.900035858154297], "train_acc": [0.24245577523413112, 0.25494276795005205, 0.2627471383975026, 0.27055150884495316, 0.2715920915712799, 0.2778355879292404, 0.2778355879292404, 0.27471383975026015, 0.2845993756503642, 0.2845993756503642, 0.2866805411030177, 0.2918834547346514, 0.2903225806451613, 0.29812695109261184, 0.3012486992715921], "val_acc": [0.2336448598130841, 0.21962616822429906, 0.2570093457943925, 0.2757009345794392, 0.2523364485981308, 0.2523364485981308, 0.22429906542056074, 0.24299065420560748, 0.24299065420560748, 0.24299065420560748, 0.2570093457943925, 0.24766355140186916, 0.2570093457943925, 0.24766355140186916, 0.2383177570093458]}