{"train_batch_loss": [4.672516822814941, 4.702672958374023, 3.909825086593628, 4.369510650634766, 4.117888927459717, 3.7839620113372803, 3.683558940887451, 2.781449317932129, 3.1018264293670654, 3.065103769302368, 3.1172029972076416, 3.117095470428467, 2.940371513366699, 2.7601072788238525, 2.5109622478485107, 2.8379898071289062, 2.461637258529663, 2.5786831378936768, 2.5449883937835693, 2.39251708984375, 2.4752748012542725, 2.2596232891082764, 2.051590919494629, 2.0536279678344727, 2.087726593017578, 2.1043519973754883, 2.0155699253082275, 1.9458122253417969, 1.9261525869369507, 1.908556342124939, 1.7958353757858276, 1.967808485031128, 1.8974957466125488, 1.8132758140563965, 1.7923879623413086, 1.7837389707565308, 1.7123534679412842, 1.6868939399719238, 1.6318435668945312, 1.8179199695587158, 1.7286183834075928, 1.6825522184371948, 1.652848720550537, 1.6797021627426147, 1.6532952785491943, 1.7232475280761719, 1.6748123168945312, 1.6991386413574219, 1.6016011238098145, 1.6963176727294922, 1.5737848281860352, 1.7321521043777466, 1.5931757688522339, 1.5961874723434448, 1.6658964157104492, 1.5174180269241333, 1.4913811683654785, 1.5478283166885376, 1.5642726421356201, 1.6614989042282104, 1.5811923742294312, 1.5988082885742188, 1.5865106582641602, 1.6234863996505737, 1.557934284210205, 1.597984790802002, 1.5779285430908203, 1.5194635391235352, 1.5702917575836182, 1.5457642078399658, 1.5030131340026855, 1.558703064918518, 1.5454291105270386, 1.5499082803726196, 1.4858136177062988, 1.4460738897323608, 1.5298103094100952, 1.5452746152877808, 1.5746525526046753, 1.567047357559204, 1.485649585723877, 1.5225530862808228, 1.5047448873519897, 1.4805313348770142, 1.4868805408477783, 1.4991635084152222, 1.5785900354385376, 1.4759674072265625, 1.4673908948898315, 1.4589732885360718, 1.497527003288269, 1.4695111513137817, 1.5880193710327148, 1.4639074802398682, 1.4646791219711304, 1.5188332796096802, 1.4293724298477173, 1.5734912157058716, 1.4670348167419434, 1.4738106727600098, 1.4557578563690186, 1.4617258310317993, 1.507449984550476, 1.4088566303253174, 1.5127811431884766, 1.4477322101593018, 1.4407858848571777, 1.466671109199524, 1.4171719551086426, 1.5081208944320679, 1.4427905082702637, 1.4846429824829102, 1.472464919090271, 1.4607441425323486, 1.3721927404403687, 1.4733080863952637, 1.4873040914535522, 1.479381799697876, 1.4858505725860596, 1.3984158039093018], "train_loss": [3.249941498041153, 2.543775796890259, 2.088789001107216, 1.8109575062990189, 1.6970640271902084, 1.6412293612957, 1.5889444053173065, 1.5591044425964355, 1.5327617228031158, 1.5004213005304337, 1.4955688565969467, 1.476614162325859, 1.4566307961940765, 1.4481005370616913, 1.4426561892032623], "val_loss": [3.23050856590271, 2.6351845264434814, 2.138190507888794, 1.8449397087097168, 1.7065742015838623, 1.6504298448562622, 1.6418718099594116, 1.6227552890777588, 1.6094086170196533, 1.6003788709640503, 1.5919569730758667, 1.5711864233016968, 1.5541735887527466, 1.551681637763977, 1.5489706993103027], "train_acc": [0.2393340270551509, 0.259105098855359, 0.2460978147762747, 0.2611862643080125, 0.2757544224765869, 0.2757544224765869, 0.29084287200832465, 0.2898022892819979, 0.2939646201873049, 0.2903225806451613, 0.3022892819979188, 0.3017689906347555, 0.3048907388137357, 0.31685744016649325, 0.31113423517169614], "val_acc": [0.2757009345794392, 0.22897196261682243, 0.22429906542056074, 0.27102803738317754, 0.2523364485981308, 0.27102803738317754, 0.29439252336448596, 0.2850467289719626, 0.29439252336448596, 0.29439252336448596, 0.2616822429906542, 0.3037383177570093, 0.2897196261682243, 0.2850467289719626, 0.27102803738317754]}