{"train_batch_loss": [3.2294702529907227, 3.3847408294677734, 3.002295732498169, 3.1057839393615723, 2.6828207969665527, 2.7586793899536133, 2.498011350631714, 2.119018316268921, 2.2482006549835205, 2.3206377029418945, 2.4719159603118896, 2.4884934425354004, 2.1259310245513916, 2.243450164794922, 2.274249315261841, 2.0784380435943604, 2.1596333980560303, 1.9798587560653687, 2.035560131072998, 2.0118021965026855, 1.9042952060699463, 2.1032488346099854, 1.798209547996521, 1.7095705270767212, 1.7048852443695068, 1.8442692756652832, 1.80750572681427, 1.9372023344039917, 1.6563880443572998, 1.7103384733200073, 1.7047820091247559, 1.6139248609542847, 1.569658875465393, 1.7328459024429321, 1.5624525547027588, 1.6497877836227417, 1.696545958518982, 1.5683627128601074, 1.5524016618728638, 1.6473562717437744, 1.5197782516479492, 1.5155576467514038, 1.474740743637085, 1.5932737588882446, 1.5512263774871826, 1.643802285194397, 1.5408555269241333, 1.526540994644165, 1.587653398513794, 1.52447509765625, 1.4750263690948486, 1.4988384246826172, 1.3767610788345337, 1.4529591798782349, 1.5524160861968994, 1.5351816415786743, 1.5172725915908813, 1.4074496030807495, 1.493778109550476, 1.4761401414871216, 1.4569261074066162, 1.4177777767181396, 1.4773027896881104, 1.4453743696212769, 1.468277096748352, 1.4422765970230103, 1.4551901817321777, 1.4284617900848389, 1.4333012104034424, 1.4055235385894775, 1.4126091003417969, 1.4365566968917847, 1.4082815647125244, 1.420879602432251, 1.3845487833023071, 1.4559636116027832, 1.373561978340149, 1.4464832544326782, 1.4178143739700317, 1.3574742078781128, 1.385007619857788, 1.4275144338607788, 1.3791453838348389, 1.4223827123641968, 1.3900331258773804, 1.3691719770431519, 1.3956676721572876, 1.3827635049819946, 1.4459220170974731, 1.357885479927063, 1.3668807744979858, 1.3370298147201538, 1.396923542022705, 1.3490095138549805, 1.3552565574645996, 1.4348437786102295, 1.355919361114502, 1.417773962020874, 1.3721102476119995, 1.3019384145736694, 1.3645082712173462, 1.3315845727920532, 1.3629767894744873, 1.4456403255462646, 1.343888759613037, 1.386804223060608, 1.3389240503311157, 1.3609193563461304, 1.3377676010131836, 1.3154348134994507, 1.3601102828979492, 1.3598113059997559, 1.2977501153945923, 1.365687608718872, 1.3578767776489258, 1.3984225988388062, 1.3364659547805786, 1.346760630607605, 1.2812490463256836, 1.311322808265686], "train_loss": [2.4223545491695404, 2.113256812095642, 1.8022762537002563, 1.6654891073703766, 1.5692104697227478, 1.513601005077362, 1.474836215376854, 1.4393253326416016, 1.415510356426239, 1.3995956778526306, 1.3760879635810852, 1.3668663054704666, 1.3575305193662643, 1.3391104191541672, 1.3294002264738083], "val_loss": [2.477248191833496, 2.168560266494751, 1.8561062812805176, 1.714925765991211, 1.6255717277526855, 1.5944797992706299, 1.5667450428009033, 1.5391815900802612, 1.5061439275741577, 1.4844629764556885, 1.4715324640274048, 1.454301118850708, 1.4365856647491455, 1.4220837354660034, 1.4179941415786743], "train_acc": [0.24037460978147762, 0.2445369406867846, 0.26326742976066597, 0.2643080124869927, 0.2892819979188345, 0.3012486992715921, 0.30332986472424556, 0.322060353798127, 0.32882414151925077, 0.3298647242455775, 0.33610822060353795, 0.33714880332986474, 0.34599375650364206, 0.3428720083246618, 0.35691987513007284], "val_acc": [0.2757009345794392, 0.308411214953271, 0.29906542056074764, 0.29439252336448596, 0.2383177570093458, 0.2383177570093458, 0.24299065420560748, 0.2336448598130841, 0.24299065420560748, 0.2616822429906542, 0.2570093457943925, 0.2616822429906542, 0.2570093457943925, 0.2523364485981308, 0.2803738317757009]}