{"train_batch_loss": [13.93435001373291, 12.348918914794922, 12.646327018737793, 11.515035629272461, 11.866995811462402, 9.553546905517578, 9.742191314697266, 9.891709327697754, 9.027894973754883, 8.928632736206055, 8.741243362426758, 8.462132453918457, 7.707801342010498, 7.927335262298584, 7.99990701675415, 7.754257678985596, 7.781032562255859, 7.197021007537842, 7.503179550170898, 6.171512603759766, 6.218913555145264, 5.735373497009277, 6.300511837005615, 6.489007472991943, 6.418883800506592, 6.054561138153076, 5.306795597076416, 5.936763286590576, 5.629272937774658, 4.865899562835693, 5.906239032745361, 5.063253879547119, 5.462440013885498, 5.223537445068359, 5.3443522453308105, 4.888398170471191, 5.048315048217773, 4.495817184448242, 4.645196437835693, 4.389179229736328, 5.566218376159668, 3.9384422302246094, 4.025516986846924, 4.212343692779541, 4.466743469238281, 4.401737689971924, 4.524551868438721, 4.096318244934082, 3.8412179946899414, 3.665358781814575, 4.118309020996094, 4.276869773864746, 4.297651767730713, 3.7445311546325684, 4.246190071105957, 3.6977994441986084, 3.950075149536133, 3.8026928901672363, 3.654390573501587, 3.8343515396118164, 3.8635501861572266, 3.291595935821533, 3.2444846630096436, 3.8163325786590576, 3.2830417156219482, 3.6303858757019043, 3.4224045276641846, 3.4209280014038086, 3.2199182510375977, 3.3664088249206543, 3.437316656112671, 3.4016380310058594, 2.909015417098999, 3.139134645462036, 3.232607126235962, 3.3525893688201904, 3.2643070220947266, 2.968336820602417, 3.3994452953338623, 3.250361204147339, 2.9745326042175293, 3.14243221282959, 3.1346285343170166, 2.9717459678649902, 3.1208291053771973, 2.8039743900299072, 2.9459712505340576, 2.9536736011505127, 2.8460750579833984, 2.91176176071167, 3.0043702125549316, 2.709321975708008, 2.430776596069336, 3.0330545902252197, 2.9281351566314697, 2.9865591526031494, 2.9430196285247803, 2.42626690864563, 2.877138614654541, 2.811929941177368, 2.870478868484497, 2.5556559562683105, 2.700645685195923, 2.6173343658447266, 2.6497623920440674, 2.7391164302825928, 2.7096619606018066, 2.489420175552368, 2.716268301010132, 2.3201498985290527, 2.7299723625183105, 2.7551584243774414, 2.7082247734069824, 2.53344988822937, 2.508681058883667, 2.4806950092315674, 2.4960432052612305, 2.5406577587127686, 2.5701138973236084, 2.2977867126464844], "train_loss": [9.32524311542511, 7.195866644382477, 6.047828376293182, 5.1642245054244995, 4.6154369711875916, 4.154160976409912, 3.763341188430786, 3.477279841899872, 3.2461969554424286, 3.0676665604114532, 2.8849702179431915, 2.784741073846817, 2.6494357585906982, 2.5558275282382965, 2.485064446926117], "val_loss": [9.198326110839844, 7.136750221252441, 5.8655924797058105, 4.972806930541992, 4.460477828979492, 4.109231472015381, 3.7997756004333496, 3.581458806991577, 3.4293036460876465, 3.2693440914154053, 3.164076566696167, 3.0687310695648193, 2.9871678352355957, 2.919407844543457, 2.820650100708008], "train_acc": [0.25806451612903225, 0.2445369406867846, 0.23985431841831426, 0.25286160249739853, 0.2596253902185224, 0.26170655567117584, 0.2715920915712799, 0.27887617065556713, 0.27523413111342354, 0.2762747138397503, 0.2767950052029136, 0.2866805411030177, 0.2866805411030177, 0.2851196670135276, 0.2970863683662851], "val_acc": [0.2383177570093458, 0.2336448598130841, 0.24299065420560748, 0.26635514018691586, 0.2803738317757009, 0.2523364485981308, 0.24766355140186916, 0.2336448598130841, 0.2383177570093458, 0.22429906542056074, 0.21962616822429906, 0.21495327102803738, 0.22429906542056074, 0.22897196261682243, 0.21962616822429906]}