{"train_batch_loss": [4.079584121704102, 3.4441909790039062, 3.550443172454834, 3.1049954891204834, 2.9327588081359863, 2.9660861492156982, 2.238481044769287, 2.733491897583008, 2.169053077697754, 2.42798113822937, 2.171494960784912, 2.271989107131958, 2.1589317321777344, 2.205700159072876, 2.2129135131835938, 2.038672924041748, 2.053004503250122, 1.9639064073562622, 1.900732398033142, 2.0442557334899902, 1.873206377029419, 1.9321011304855347, 1.7398282289505005, 1.7767866849899292, 1.8255162239074707, 1.8326473236083984, 1.7544660568237305, 1.7559316158294678, 1.7705975770950317, 1.705547571182251, 1.8012369871139526, 1.8759558200836182, 1.6718754768371582, 1.6531480550765991, 1.7223767042160034, 1.6080163717269897, 1.7144129276275635, 1.7188292741775513, 1.7123889923095703, 1.5317028760910034, 1.684988021850586, 1.6258325576782227, 1.5714789628982544, 1.5830495357513428, 1.6431313753128052, 1.572721004486084, 1.5937775373458862, 1.634118676185608, 1.604313850402832, 1.4795528650283813, 1.537787914276123, 1.5814554691314697, 1.6388015747070312, 1.5799691677093506, 1.5615578889846802, 1.5440253019332886, 1.5757942199707031, 1.5216443538665771, 1.547487497329712, 1.500942349433899, 1.4815433025360107, 1.5689891576766968, 1.4971240758895874, 1.5730760097503662, 1.5179129838943481, 1.5885356664657593, 1.5280786752700806, 1.3967405557632446, 1.501941204071045, 1.4886610507965088, 1.5136727094650269, 1.491207480430603, 1.4593400955200195, 1.488641619682312, 1.4655495882034302, 1.5050959587097168, 1.561661720275879, 1.393402099609375, 1.4539228677749634, 1.551599383354187, 1.489614486694336, 1.5712673664093018, 1.3866944313049316, 1.4715439081192017, 1.4547910690307617, 1.3790245056152344, 1.4446619749069214, 1.5112723112106323, 1.4205422401428223, 1.4271161556243896, 1.4744502305984497, 1.4302935600280762, 1.4347012042999268, 1.4422202110290527, 1.4419546127319336, 1.5078730583190918, 1.4143753051757812, 1.4084583520889282, 1.4218029975891113, 1.4332044124603271, 1.3996152877807617, 1.5005333423614502, 1.430274248123169, 1.4458794593811035, 1.3994481563568115, 1.3924469947814941, 1.4372889995574951, 1.4390017986297607, 1.4356517791748047, 1.4069139957427979, 1.4233014583587646, 1.4432168006896973, 1.4238771200180054, 1.4219064712524414, 1.442687749862671, 1.3856472969055176, 1.3799915313720703, 1.4404429197311401, 1.3909207582473755, 1.366613507270813], "train_loss": [2.390398144721985, 1.9884224236011505, 1.8442943692207336, 1.699073702096939, 1.6297319382429123, 1.5709211230278015, 1.538330152630806, 1.5094613134860992, 1.4791824966669083, 1.4610618352890015, 1.4397171437740326, 1.4270432889461517, 1.4175126552581787, 1.4066189527511597, 1.4004448503255844], "val_loss": [2.3574166297912598, 1.9997820854187012, 1.8537445068359375, 1.73790442943573, 1.7005091905593872, 1.669356346130371, 1.6412403583526611, 1.6165523529052734, 1.59647798538208, 1.5817629098892212, 1.5664081573486328, 1.5614292621612549, 1.5583088397979736, 1.5545637607574463, 1.5495525598526], "train_acc": [0.24869927159209157, 0.2643080124869927, 0.2601456815816857, 0.27991675338189387, 0.2736732570239334, 0.28407908428720086, 0.28563995837669093, 0.29968782518210196, 0.29448491155046824, 0.29604578563995837, 0.29968782518210196, 0.31685744016649325, 0.31997918834547345, 0.3152965660770031, 0.30697190426638915], "val_acc": [0.2570093457943925, 0.2803738317757009, 0.2803738317757009, 0.24766355140186916, 0.26635514018691586, 0.26635514018691586, 0.24766355140186916, 0.24299065420560748, 0.2616822429906542, 0.2616822429906542, 0.21962616822429906, 0.24299065420560748, 0.24766355140186916, 0.2336448598130841, 0.22429906542056074]}