{"train_batch_loss": [4.873349666595459, 3.9078807830810547, 3.828012704849243, 3.566075325012207, 2.933364152908325, 3.703946590423584, 3.242525815963745, 2.7382049560546875, 2.8242130279541016, 2.3612070083618164, 2.68216872215271, 2.5411696434020996, 2.2562613487243652, 2.485985040664673, 2.6108450889587402, 2.5461513996124268, 2.438537359237671, 2.1608011722564697, 2.2771787643432617, 2.268427848815918, 2.262110948562622, 2.1947691440582275, 2.0137741565704346, 1.8693108558654785, 1.9916260242462158, 2.114758014678955, 1.9342085123062134, 1.7722350358963013, 1.8438431024551392, 1.8593932390213013, 1.7957303524017334, 1.8422762155532837, 1.671831727027893, 1.852192759513855, 1.726207971572876, 1.761406421661377, 1.6927798986434937, 1.6736236810684204, 1.7326042652130127, 1.8485963344573975, 1.570981502532959, 1.8073742389678955, 1.6351087093353271, 1.7031129598617554, 1.547638177871704, 1.5553215742111206, 1.5747660398483276, 1.489128589630127, 1.5332871675491333, 1.5269488096237183, 1.5903559923171997, 1.5133153200149536, 1.5265119075775146, 1.6028015613555908, 1.5519671440124512, 1.5045210123062134, 1.5138102769851685, 1.5317059755325317, 1.5357927083969116, 1.4917725324630737, 1.4557695388793945, 1.4654611349105835, 1.526419997215271, 1.4584547281265259, 1.4556589126586914, 1.4160548448562622, 1.4997072219848633, 1.4706929922103882, 1.4811075925827026, 1.482156753540039, 1.4505151510238647, 1.564555287361145, 1.4524872303009033, 1.4714776277542114, 1.4232831001281738, 1.4502112865447998, 1.4708648920059204, 1.4351966381072998, 1.4498833417892456, 1.4170031547546387, 1.438673734664917, 1.4795187711715698, 1.4466649293899536, 1.4467155933380127, 1.4348796606063843, 1.355098843574524, 1.4004015922546387, 1.4499664306640625, 1.4358811378479004, 1.4074753522872925, 1.4516161680221558, 1.3801697492599487, 1.42316472530365, 1.3915246725082397, 1.4045461416244507, 1.4379866123199463, 1.3927801847457886, 1.393225908279419, 1.4333943128585815, 1.3885953426361084, 1.458289623260498, 1.378434658050537, 1.414620280265808, 1.3598599433898926, 1.4121204614639282, 1.376653790473938, 1.356221318244934, 1.3934659957885742, 1.3727142810821533, 1.4454203844070435, 1.4202940464019775, 1.3942644596099854, 1.3503607511520386, 1.4263561964035034, 1.3747575283050537, 1.4004818201065063, 1.4003269672393799, 1.39682137966156, 1.3763501644134521, 1.3521997928619385], "train_loss": [2.7163781225681305, 2.344473034143448, 1.9766449481248856, 1.7986012250185013, 1.656148448586464, 1.5601893365383148, 1.5115387439727783, 1.4813873618841171, 1.455293893814087, 1.4282300174236298, 1.4211492836475372, 1.4025685638189316, 1.392018973827362, 1.381581336259842, 1.3738776296377182], "val_loss": [2.983546733856201, 2.5403902530670166, 2.152533531188965, 1.910355806350708, 1.7367018461227417, 1.6353504657745361, 1.5877413749694824, 1.5597667694091797, 1.5453482866287231, 1.5296746492385864, 1.5160880088806152, 1.5029865503311157, 1.4960180521011353, 1.493349313735962, 1.4839272499084473], "train_acc": [0.2559833506763788, 0.25858480749219565, 0.25858480749219565, 0.2679500520291363, 0.28407908428720086, 0.2845993756503642, 0.29552549427679503, 0.3090530697190427, 0.31165452653485953, 0.3142559833506764, 0.3194588969823101, 0.3267429760665973, 0.3251821019771072, 0.3340270551508845, 0.33610822060353795], "val_acc": [0.22897196261682243, 0.2102803738317757, 0.2102803738317757, 0.21962616822429906, 0.205607476635514, 0.24299065420560748, 0.2757009345794392, 0.26635514018691586, 0.2570093457943925, 0.2570093457943925, 0.2523364485981308, 0.2616822429906542, 0.2616822429906542, 0.24766355140186916, 0.24766355140186916]}